Characteristics,mean (SD) or n (%) ,"BPC=No, JNC7","BPC=Yes, JNC7","p-value for Wilcoxon rank-sum test or chi-squared test with Rao & Scott’s second-order correction, JNC7","BPC=No, 2017 ACC/AHA","BPC=Yes, 2017 ACC/AHA","p-value for Wilcoxon rank-sum test or chi-squared test with Rao & Scott’s second-order correction, 2017 ACC/AHA",Post 2013,Pre 2013,"p-value for Wilcoxon rank-sum test or chi-squared test with Rao & Scott’s second-order correction, Pre-2013 vs. Post-2013"
Respondent sequence number,"59,862(28,957)","59,173(29,358)","60,436(28,607)",0.059,"59,178(28,994)","62,400(28,677)",<0.001,"95,014(16,596, 397)","42,792(14,847, 543)",<0.001
Full Sample 2 Year MEC Exam Weight,"65,603(43,217)","59,783(42,193)","70,444(43,463)",<0.001,"65,417(42,845)","66,292(44,567)",0.8,"68,170(51,678, 2,419)","64,357(38,382, 1,515)",0.5
Masked Variance Pseudo-PSU,NA,NA,NA,0.7,NA,NA,0.4,NA,NA,0.9
1,"468,130,218 (49%)","212,870,414 (49%)","255,259,804 (49%)",NA,"370,999,691 (49%)","97,130,527 (48%)",NA,"156,089,123 (50%, 0.07)","312,041,095 (48%, 0.07)",NA
2,"480,018,310 (50%)","217,949,600 (50%)","262,068,710 (50%)",NA,"375,494,709 (50%)","104,523,601 (51%)",NA,"154,819,139 (49%, 0.07)","325,199,171 (50%, 0.07)",NA
3,"9,494,016 (1.0%)","4,033,210 (0.9%)","5,460,806 (1.0%)",NA,"7,842,333 (1.0%)","1,651,683 (0.8%)",NA,"2,127,895 (0.7%, 0.01)","7,366,121 (1.1%, 0.01)",NA
Masked Variance Pseudo-Stratum,83(41),82(41),84(40),0.06,82(41),87(40),<0.001,"133(21, 1)","59(22, 1)",<0.001
NHANES cycle,NA,NA,NA,NA,NA,NA,NA,NA,NA,<0.001
2003-2004,"177,901,829 (19%)","88,558,670 (20%)","89,343,159 (17%)",NA,"147,838,418 (20%)","30,063,411 (15%)",NA,"0 (0%, 0.00)","177,901,829 (28%, 0.02)",NA
2005-2006,"178,444,376 (19%)","82,952,737 (19%)","95,491,640 (18%)",NA,"143,695,208 (19%)","34,749,168 (17%)",NA,"0 (0%, 0.00)","178,444,376 (28%, 0.02)",NA
2007-2008,"92,891,341 (9.7%)","41,315,816 (9.5%)","51,575,525 (9.9%)",NA,"73,472,553 (9.7%)","19,418,788 (9.6%)",NA,"0 (0%, 0.00)","92,891,341 (14%, 0.01)",NA
2009-2010,"93,676,826 (9.8%)","38,119,734 (8.8%)","55,557,092 (11%)",NA,"71,461,315 (9.5%)","22,215,510 (11%)",NA,"0 (0%, 0.00)","93,676,826 (15%, 0.01)",NA
2011-2012,"101,692,015 (11%)","43,345,821 (10.0%)","58,346,194 (11%)",NA,"78,013,873 (10%)","23,678,142 (12%)",NA,"0 (0%, 0.00)","101,692,015 (16%, 0.01)",NA
2013-2014,"99,972,490 (10%)","43,482,360 (10.0%)","56,490,130 (11%)",NA,"74,430,407 (9.9%)","25,542,084 (13%)",NA,"99,972,490 (32%, 0.01)","0 (0%, 0.00)",NA
2015-2016,"107,419,859 (11%)","48,301,605 (11%)","59,118,254 (11%)",NA,"83,819,062 (11%)","23,600,797 (12%)",NA,"107,419,859 (34%, 0.01)","0 (0%, 0.00)",NA
2017-2020,"105,643,808 (11%)","48,776,481 (11%)","56,867,326 (11%)",NA,"81,605,897 (11%)","24,037,911 (12%)",NA,"105,643,808 (34%, 0.01)","0 (0%, 0.00)",NA
Subpopulation for hypertension,"957,642,544 (100%)","434,853,224 (100%)","522,789,320 (100%)",NA,"754,336,734 (100%)","203,305,810 (100%)",NA,"313,036,157 (100%, 0.00)","644,606,387 (100%, 0.00)",NA
"Age category, years",NA,NA,NA,<0.001,NA,NA,<0.001,NA,NA,0.3
18 to 44,"217,153,854 (23%)","66,516,559 (15%)","150,637,295 (29%)",NA,"195,647,526 (26%)","21,506,328 (11%)",NA,"72,888,214 (23%, 0.01)","144,265,640 (22%, 0.01)",NA
45 to 64,"426,225,515 (45%)","183,774,007 (42%)","242,451,507 (46%)",NA,"328,241,619 (44%)","97,983,896 (48%)",NA,"137,381,426 (44%, 0.01)","288,844,089 (45%, 0.01)",NA
65 to 74,"177,484,886 (19%)","92,573,154 (21%)","84,911,732 (16%)",NA,"123,229,253 (16%)","54,255,632 (27%)",NA,"60,432,149 (19%, 0.01)","117,052,736 (18%, 0.01)",NA
75+,"136,778,290 (14%)","91,989,504 (21%)","44,788,786 (8.6%)",NA,"107,218,335 (14%)","29,559,954 (15%)",NA,"42,334,368 (14%, 0.01)","94,443,921 (15%, 0.01)",NA
Race/ethnicity,NA,NA,NA,<0.001,NA,NA,<0.001,NA,NA,<0.001
Non-Hispanic White,"697,427,831 (73%)","306,189,707 (70%)","391,238,124 (75%)",NA,"540,497,054 (72%)","156,930,777 (77%)",NA,"206,750,821 (66%, 0.02)","490,677,010 (76%, 0.02)",NA
Non-Hispanic Black,"113,942,402 (12%)","58,900,411 (14%)","55,041,990 (11%)",NA,"90,954,637 (12%)","22,987,764 (11%)",NA,"42,266,295 (14%, 0.01)","71,676,107 (11%, 0.01)",NA
Non-Hispanic Asian,"19,182,096 (2.0%)","9,587,959 (2.2%)","9,594,138 (1.8%)",NA,"16,152,344 (2.1%)","3,029,753 (1.5%)",NA,"15,136,108 (4.8%, 0.00)","4,045,988 (0.6%, 0.00)",NA
Hispanic,"89,218,728 (9.3%)","42,520,426 (9.8%)","46,698,302 (8.9%)",NA,"75,690,975 (10%)","13,527,753 (6.7%)",NA,"37,984,433 (12%, 0.01)","51,234,295 (7.9%, 0.01)",NA
Other,"37,871,487 (4.0%)","17,654,721 (4.1%)","20,216,766 (3.9%)",NA,"31,041,724 (4.1%)","6,829,763 (3.4%)",NA,"10,898,499 (3.5%, 0.00)","26,972,987 (4.2%, 0.00)",NA
demo_race_black,"113,942,402 (12%)","58,900,411 (14%)","55,041,990 (11%)",<0.001,"90,954,637 (12%)","22,987,764 (11%)",0.11,"42,266,295 (14%, 0.01)","71,676,107 (11%, 0.01)",0.13
Age at Screening Adjudicated - Recode,56(15),60(15),53(15),<0.001,55(16),61(12),<0.001,"56(15, 0)","56(15, 0)",>0.9
Pregnant,"1,859,898 (0.2%)","640,797 (0.1%)","1,219,101 (0.2%)",0.3,"1,557,180 (0.2%)","302,717 (0.1%)",0.5,"571,945 (0.2%, 0.00)","1,287,952 (0.2%, 0.00)",0.8
Gender,NA,NA,NA,<0.001,NA,NA,<0.001,NA,NA,0.032
Men,"478,607,290 (50%)","207,095,929 (48%)","271,511,361 (52%)",NA,"387,429,967 (51%)","91,177,323 (45%)",NA,"161,039,685 (51%, 0.01)","317,567,606 (49%, 0.01)",NA
Women,"479,035,254 (50%)","227,757,295 (52%)","251,277,959 (48%)",NA,"366,906,766 (49%)","112,128,487 (55%)",NA,"151,996,472 (49%, 0.01)","327,038,781 (51%, 0.01)",NA
"Systolic blood pressure (SBP), mm Hg",135(18),148(16),124(10),<0.001,139(16),116(10),<0.001,"135(17, 0)","134(18, 0)",0.3
"Diastolic blood pressure (DBP), mm Hg",75(13),78(15),73(11),<0.001,78(12),66(10),<0.001,"76(12, 0)","75(13, 0)",0.4
Blood pressure category,NA,NA,NA,<0.001,NA,NA,<0.001,NA,NA,0.013
SBP <120 and DBP <80 mm Hg,"117,566,295 (12%)",0 (0%),"117,566,295 (22%)",NA,0 (0%),"117,566,295 (58%)",NA,"40,780,684 (13%, 0.01)","76,785,611 (12%, 0.01)",NA
SBP of 120 to <130 and DBP <80 mm Hg,"83,867,362 (8.8%)",0 (0%),"83,867,362 (16%)",NA,0 (0%),"83,867,362 (41%)",NA,"31,417,928 (10%, 0.01)","52,449,434 (8.1%, 0.00)",NA
SBP of 130 to <140 or DBP 80 to <90 mm Hg,"408,472,847 (43%)","87,117,184 (20%)","321,355,662 (61%)",NA,"406,600,694 (54%)","1,872,153 (0.9%)",NA,"130,818,002 (42%, 0.01)","277,654,845 (43%, 0.01)",NA
SBP of 140 to <160 or DBP 90 to <100 mm Hg,"256,234,649 (27%)","256,234,649 (59%)",0 (0%),NA,"256,234,649 (34%)",0 (0%),NA,"83,634,876 (27%, 0.01)","172,599,773 (27%, 0.01)",NA
SBP 160+ or DBP 100+ mm Hg,"91,501,391 (9.6%)","91,501,391 (21%)",0 (0%),NA,"91,501,391 (12%)",0 (0%),NA,"26,384,667 (8.4%, 0.00)","65,116,724 (10%, 0.00)",NA
Blood pressure category including antihypertensive medication use as a group,NA,NA,NA,NA,NA,NA,NA,NA,NA,NA
SBP <120 and DBP <80 mm Hg,0 (0%),0 (0%),0 (0%),NA,0 (0%),0 (0%),NA,"0 (0%, 0.00)","0 (0%, 0.00)",NA
SBP of 120 to <130 and DBP < 80 mm Hg,0 (0%),0 (0%),0 (0%),NA,0 (0%),0 (0%),NA,"0 (0%, 0.00)","0 (0%, 0.00)",NA
SBP of 130 to <140 or DBP 80 to <90 mm Hg,"292,344,049 (31%)","43,004,882 (9.9%)","249,339,166 (48%)",NA,"290,834,139 (39%)","1,509,910 (0.7%)",NA,"91,742,641 (29%, 0.01)","200,601,408 (31%, 0.01)",NA
SBP of 140 to <160 or DBP 90 to <100 mm Hg,"146,352,995 (15%)","146,352,995 (34%)",0 (0%),NA,"146,352,995 (19%)",0 (0%),NA,"45,968,057 (15%, 0.01)","100,384,938 (16%, 0.01)",NA
SBP 160+ or DBP 100+ mm Hg,"41,883,488 (4.4%)","41,883,488 (9.6%)",0 (0%),NA,"41,883,488 (5.6%)",0 (0%),NA,"12,502,384 (4.0%, 0.00)","29,381,104 (4.6%, 0.00)",NA
taking antihypertensive medications,"477,062,013 (50%)","203,611,859 (47%)","273,450,154 (52%)",NA,"275,266,112 (36%)","201,795,900 (99%)",NA,"162,823,076 (52%, 0.01)","314,238,937 (49%, 0.01)",NA
Blood pressure control defined by the JNC7 guideline,"522,789,320 (55%)",NA,NA,NA,"319,483,510 (42%)","203,305,810 (100%)",<0.001,"172,475,710 (55%, 0.01)","350,313,609 (54%, 0.01)",0.5
Blood pressure control defined by the 2017 ACC/AHA BP guideline,"203,305,810 (21%)",0 (0%),"203,305,810 (39%)",<0.001,NA,NA,NA,"73,180,791 (23%, 0.01)","130,125,019 (20%, 0.01)",0.005
Blood pressure control (SBP < 140 mm Hg and DBP < 90 mm Hg),"609,906,504 (64%)","87,117,184 (20%)","522,789,320 (100%)",<0.001,"406,600,694 (54%)","203,305,810 (100%)",<0.001,"203,016,614 (65%, 0.01)","406,889,890 (63%, 0.01)",0.2
Blood pressure control (SBP < 130 mm Hg and DBP < 80 mm Hg),"201,433,657 (21%)",0 (0%),"201,433,657 (39%)",<0.001,0 (0%),"201,433,657 (99%)",<0.001,"72,198,612 (23%, 0.01)","129,235,045 (20%, 0.01)",0.01
Self-reported antihypertensive medication use,"477,062,013 (50%)","203,611,859 (47%)","273,450,154 (52%)",<0.001,"275,266,112 (36%)","201,795,900 (99%)",<0.001,"162,823,076 (52%, 0.01)","314,238,937 (49%, 0.01)",0.018
Antihypertensive medication use recommended by the JNC7 guideline,"708,303,378 (74%)","434,853,224 (100%)","273,450,154 (52%)",<0.001,"506,507,477 (67%)","201,795,900 (99%)",<0.001,"235,242,289 (75%, 0.01)","473,061,088 (73%, 0.01)",0.2
Antihypertensive medication use recommended by the 2017 ACC/AHA BP guideline,"750,883,457 (78%)","434,853,224 (100%)","316,030,233 (60%)",<0.001,"549,087,557 (73%)","201,795,900 (99%)",<0.001,"248,377,010 (79%, 0.01)","502,506,448 (78%, 0.01)",0.3
Number of antihypertensive medication classes,NA,NA,NA,0.018,NA,NA,<0.001,NA,NA,0.001
None,"448,870,301 (47%)","205,653,494 (48%)","243,216,807 (47%)",NA,"442,476,074 (59%)","6,394,228 (3.2%)",NA,"137,363,260 (44%, 0.01)","311,507,042 (49%, 0.01)",NA
One,"202,534,256 (21%)","90,315,582 (21%)","112,218,674 (22%)",NA,"130,371,698 (17%)","72,162,558 (36%)",NA,"74,101,942 (24%, 0.01)","128,432,314 (20%, 0.01)",NA
Two,"175,478,638 (18%)","73,804,480 (17%)","101,674,158 (20%)",NA,"100,354,374 (13%)","75,124,264 (37%)",NA,"59,596,961 (19%, 0.01)","115,881,677 (18%, 0.01)",NA
Three,"86,958,658 (9.1%)","41,889,220 (9.7%)","45,069,438 (8.7%)",NA,"52,521,899 (7.0%)","34,436,758 (17%)",NA,"27,658,024 (8.9%, 0.00)","59,300,633 (9.2%, 0.00)",NA
Four or more,"38,784,301 (4.1%)","20,211,108 (4.7%)","18,573,193 (3.6%)",NA,"24,697,978 (3.3%)","14,086,323 (7.0%)",NA,"11,682,416 (3.8%, 0.00)","27,101,885 (4.2%, 0.00)",NA
Number of antihypertensive medication pills,NA,NA,NA,0.01,NA,NA,<0.001,NA,NA,0.003
None,"448,870,301 (47%)","205,653,494 (48%)","243,216,807 (47%)",NA,"442,476,074 (59%)","6,394,228 (3.2%)",NA,"137,363,260 (44%, 0.01)","311,507,042 (49%, 0.01)",NA
One,"260,736,292 (27%)","111,230,587 (26%)","149,505,705 (29%)",NA,"161,405,473 (22%)","99,330,819 (49%)",NA,"92,156,384 (30%, 0.01)","168,579,909 (26%, 0.01)",NA
Two,"153,119,862 (16%)","69,487,923 (16%)","83,631,939 (16%)",NA,"90,973,542 (12%)","62,146,321 (31%)",NA,"51,733,764 (17%, 0.01)","101,386,098 (16%, 0.01)",NA
Three,"67,663,749 (7.1%)","33,096,912 (7.7%)","34,566,838 (6.6%)",NA,"40,901,820 (5.5%)","26,761,929 (13%)",NA,"20,907,533 (6.7%, 0.00)","46,756,216 (7.3%, 0.01)",NA
Four or more,"22,235,948 (2.3%)","12,404,968 (2.9%)","9,830,980 (1.9%)",NA,"14,665,114 (2.0%)","7,570,834 (3.7%)",NA,"8,241,662 (2.7%, 0.00)","13,994,286 (2.2%, 0.00)",NA
Combination therapy,"114,957,321 (12%)","47,614,182 (11%)","67,343,139 (13%)",0.016,"65,649,748 (8.7%)","49,307,572 (24%)",<0.001,"32,838,929 (11%, 0.01)","82,118,392 (13%, 0.01)",0.014
Taking two or more antihypertensive medication pills,"243,019,560 (25%)","114,989,803 (26%)","128,029,757 (24%)",0.15,"146,540,476 (19%)","96,479,084 (47%)",<0.001,"80,882,960 (26%, 0.01)","162,136,600 (25%, 0.01)",0.6
ACE inhibitors,"212,178,293 (22%)","89,628,790 (21%)","122,549,503 (24%)",0.015,"119,217,639 (16%)","92,960,654 (46%)",<0.001,"76,380,814 (25%, 0.01)","135,797,480 (21%, 0.01)",0.001
Aldosterone antagonists,"12,230,046 (1.3%)","3,877,158 (0.9%)","8,352,888 (1.6%)",<0.001,"5,574,116 (0.7%)","6,655,930 (3.3%)",<0.001,"4,562,903 (1.5%, 0.00)","7,667,143 (1.2%, 0.00)",0.4
Alpha-1 blockers,"15,969,463 (1.7%)","7,393,495 (1.7%)","8,575,968 (1.6%)",0.8,"10,341,046 (1.4%)","5,628,417 (2.8%)",<0.001,"4,465,166 (1.4%, 0.00)","11,504,296 (1.8%, 0.00)",0.12
Angiotensin receptor blockers,"126,045,016 (13%)","58,245,301 (13%)","67,799,715 (13%)",0.6,"76,437,269 (10%)","49,607,747 (25%)",<0.001,"46,409,873 (15%, 0.01)","79,635,143 (12%, 0.01)",0.01
Beta blockers,"197,224,086 (21%)","95,837,418 (22%)","101,386,668 (19%)",0.004,"123,046,886 (16%)","74,177,200 (37%)",<0.001,"64,053,065 (21%, 0.01)","133,171,021 (21%, 0.01)",>0.9
Central alpha1 agonist and other centrally acting agents,"11,927,186 (1.3%)","8,037,711 (1.9%)","3,889,475 (0.7%)",<0.001,"9,559,496 (1.3%)","2,367,690 (1.2%)",0.6,"4,343,805 (1.4%, 0.00)","7,583,380 (1.2%, 0.00)",0.3
Calcium channel blockers,"141,096,486 (15%)","69,805,207 (16%)","71,291,279 (14%)",0.003,"92,140,005 (12%)","48,956,481 (24%)",<0.001,"47,885,188 (15%, 0.01)","93,211,298 (15%, 0.01)",0.3
Dihydropyridine calcium channel blockers,"109,990,852 (12%)","51,576,730 (12%)","58,414,122 (11%)",0.4,"68,975,196 (9.2%)","41,015,656 (20%)",<0.001,"40,604,730 (13%, 0.01)","69,386,122 (11%, 0.01)",0.004
Non-dihydropyridine calcium channel blockers,"31,829,768 (3.3%)","18,720,759 (4.3%)","13,109,010 (2.5%)",<0.001,"23,696,157 (3.2%)","8,133,612 (4.0%)",0.092,"7,432,344 (2.4%, 0.00)","24,397,424 (3.8%, 0.00)",0.001
Potassium sparing diuretics,"26,517,402 (2.8%)","12,038,858 (2.8%)","14,478,544 (2.8%)",>0.9,"17,847,861 (2.4%)","8,669,541 (4.3%)",<0.001,"4,577,013 (1.5%, 0.00)","21,940,389 (3.4%, 0.00)",<0.001
Loop diuretics,"47,682,502 (5.0%)","24,663,361 (5.7%)","23,019,142 (4.4%)",0.01,"29,529,682 (3.9%)","18,152,820 (9.0%)",<0.001,"15,096,296 (4.9%, 0.00)","32,586,206 (5.1%, 0.00)",0.7
Thiazide or thiazide-type diuretics,"181,066,851 (19%)","75,908,339 (18%)","105,158,512 (20%)",0.014,"105,072,189 (14%)","75,994,662 (38%)",<0.001,"54,892,802 (18%, 0.01)","126,174,048 (20%, 0.01)",0.052
Direct renin inhibitors,"505,737 (<0.1%)","321,948 (<0.1%)","183,789 (<0.1%)",0.044,"351,451 (<0.1%)","154,286 (<0.1%)",0.2,"218,442 (<0.1%, 0.00)","287,295 (<0.1%, 0.00)",0.4
Direct vasodilators,"5,482,395 (0.6%)","3,600,688 (0.8%)","1,881,707 (0.4%)",<0.001,"3,945,734 (0.5%)","1,536,660 (0.8%)",0.086,"2,607,648 (0.8%, 0.00)","2,874,747 (0.4%, 0.00)",<0.001
Hypertension defined by the JNC7 guideline,"665,298,495 (69%)","391,848,342 (90%)","273,450,154 (52%)",<0.001,"463,502,595 (61%)","201,795,900 (99%)",<0.001,"221,293,516 (71%, 0.01)","444,004,979 (69%, 0.01)",0.2
Hypertension defined by the 2017 ACC/AHA BP guideline,"957,642,544 (100%)","434,853,224 (100%)","522,789,320 (100%)",NA,"754,336,734 (100%)","203,305,810 (100%)",NA,"313,036,157 (100%, 0.00)","644,606,387 (100%, 0.00)",NA
Awareness of hypertension,"581,521,293 (61%)","268,724,211 (62%)","312,797,082 (60%)",0.12,"379,532,091 (50%)","201,989,202 (99%)",<0.001,"197,199,621 (63%, 0.01)","384,321,672 (60%, 0.01)",0.017
Apparent resistant hypertension defined by the JNC7 guideline,"77,566,526 (8.1%)","59,151,035 (14%)","18,415,491 (3.5%)",<0.001,"63,480,203 (8.4%)","14,086,323 (6.9%)",0.094,"23,994,270 (7.7%, 0.00)","53,572,257 (8.3%, 0.01)",0.4
Apparent resistant hypertension defined by the 2017 ACC/AHA BP guideline,"87,960,755 (9.2%)","59,151,035 (14%)","28,809,720 (5.5%)",<0.001,"73,874,432 (9.8%)","14,086,323 (6.9%)",0.003,"26,441,437 (8.4%, 0.00)","61,519,318 (9.5%, 0.01)",0.14
"Apparent resistant hypertension defined by the 2017 ACC/AHA BP guideline, requires thiazide diuretic","48,703,211 (5.1%)","35,190,540 (8.1%)","13,512,671 (2.6%)",<0.001,"38,367,853 (5.1%)","10,335,358 (5.1%)",>0.9,"13,646,267 (4.4%, 0.00)","35,056,944 (5.4%, 0.01)",0.07
"Apparent resistant hypertension defined by the JNC7 guideline, requires thiazide diuretic","55,598,725 (5.8%)","35,190,540 (8.1%)","20,408,185 (3.9%)",<0.001,"45,263,367 (6.0%)","10,335,358 (5.1%)",0.3,"14,947,993 (4.8%, 0.00)","40,650,732 (6.3%, 0.01)",0.011
Smoking status,NA,NA,NA,0.002,NA,NA,0.002,NA,NA,0.01
Never,"483,405,109 (51%)","216,177,249 (50%)","267,227,860 (51%)",NA,"386,011,547 (51%)","97,393,562 (48%)",NA,"163,357,120 (52%, 0.01)","320,047,989 (50%, 0.01)",NA
Former,"305,443,796 (32%)","146,876,432 (34%)","158,567,364 (30%)",NA,"232,205,321 (31%)","73,238,476 (36%)",NA,"92,854,529 (30%, 0.01)","212,589,267 (33%, 0.01)",NA
Current,"164,570,092 (17%)","70,356,277 (16%)","94,213,815 (18%)",NA,"131,984,549 (18%)","32,585,543 (16%)",NA,"56,573,151 (18%, 0.01)","107,996,941 (17%, 0.01)",NA
"Body mass index, kg/m2",NA,NA,NA,0.2,NA,NA,<0.001,NA,NA,<0.001
<25,"205,850,336 (22%)","98,057,267 (23%)","107,793,069 (21%)",NA,"177,270,398 (24%)","28,579,937 (14%)",NA,"56,979,080 (19%, 0.01)","148,871,256 (23%, 0.01)",NA
25 to <30,"313,525,969 (33%)","139,708,424 (33%)","173,817,546 (34%)",NA,"250,889,134 (34%)","62,636,835 (31%)",NA,"95,585,962 (31%, 0.01)","217,940,007 (34%, 0.01)",NA
30 to <35,"222,437,660 (24%)","98,247,468 (23%)","124,190,193 (24%)",NA,"168,038,823 (23%)","54,398,837 (27%)",NA,"77,026,377 (25%, 0.01)","145,411,283 (23%, 0.01)",NA
35+,"200,474,227 (21%)","91,885,133 (21%)","108,589,095 (21%)",NA,"146,229,920 (20%)","54,244,307 (27%)",NA,"77,272,802 (25%, 0.01)","123,201,426 (19%, 0.01)",NA
Prevalent diabetes,"158,388,584 (17%)","106,880,213 (25%)","51,508,371 (9.9%)",<0.001,"106,880,213 (14%)","51,508,371 (25%)",<0.001,"61,230,269 (20%, 0.01)","97,158,315 (15%, 0.01)",<0.001
Prevalent chronic kidney disease,"200,269,492 (21%)","152,954,544 (35%)","47,314,948 (9.1%)",<0.001,"152,954,544 (20%)","47,314,948 (23%)",0.004,"68,154,779 (22%, 0.01)","132,114,713 (20%, 0.01)",0.2
History of myocardial infarction,"55,418,426 (5.8%)","27,961,409 (6.5%)","27,457,016 (5.3%)",0.067,"35,689,310 (4.8%)","19,729,116 (9.7%)",<0.001,"18,117,294 (5.8%, 0.00)","37,301,131 (5.8%, 0.00)",>0.9
History of coronary heart disease,"84,623,947 (8.9%)","43,249,902 (10.0%)","41,374,046 (8.0%)",0.012,"55,496,642 (7.4%)","29,127,305 (14%)",<0.001,"28,291,907 (9.1%, 0.01)","56,332,040 (8.8%, 0.01)",0.7
History of ASCVD,"118,734,728 (12%)","62,374,580 (14%)","56,360,148 (11%)",<0.001,"79,793,644 (11%)","38,941,084 (19%)",<0.001,"40,095,050 (13%, 0.01)","78,639,678 (12%, 0.01)",0.5
History of heart failure,"40,927,822 (4.3%)","21,337,792 (4.9%)","19,590,030 (3.8%)",0.003,"25,824,172 (3.5%)","15,103,651 (7.5%)",<0.001,"13,997,533 (4.5%, 0.00)","26,930,289 (4.2%, 0.00)",0.5
History of CVD,"133,326,039 (14%)","70,037,782 (16%)","63,288,257 (12%)",<0.001,"89,650,669 (12%)","43,675,370 (21%)",<0.001,"44,604,483 (14%, 0.01)","88,721,556 (14%, 0.01)",0.6
DSDCOUNT.x,1.60(2.87),1.61(2.56),1.59(3.09),>0.9,1.50(2.39),1.92(4.07),<0.001,"1.81(3.39, 0.08)","1.37(2.15, 0.05)",<0.001
DSDANCNT,NA,NA,NA,0.013,NA,NA,0.066,NA,NA,<0.001
0,"498,763,432 (83%)","221,796,652 (84%)","276,966,780 (82%)",NA,"386,395,666 (83%)","112,367,766 (81%)",NA,"255,212,143 (82%, 0.01)","243,551,289 (84%, 0.01)",NA
1,"99,817,757 (17%)","40,484,428 (15%)","59,333,329 (18%)",NA,"74,198,033 (16%)","25,619,724 (18%)",NA,"56,619,854 (18%, 0.01)","43,197,903 (15%, 0.01)",NA
2,"2,560,545 (0.4%)","963,191 (0.4%)","1,597,354 (0.5%)",NA,"2,054,804 (0.4%)","505,741 (0.4%)",NA,"1,144,547 (0.4%, 0.00)","1,415,999 (0.5%, 0.00)",NA
3,"22,533 (<0.1%)",0 (0%),"22,533 (<0.1%)",NA,"22,533 (<0.1%)",0 (0%),NA,"0 (0%, 0.00)","22,533 (<0.1%, 0.00)",NA
77,"53,070 (<0.1%)","34,814 (<0.1%)","18,255 (<0.1%)",NA,"53,070 (<0.1%)",0 (0%),NA,"24,933 (<0.1%, 0.00)","28,137 (<0.1%, 0.00)",NA
99,"79,002 (<0.1%)","62,732 (<0.1%)","16,270 (<0.1%)",NA,"79,002 (<0.1%)",0 (0%),NA,"34,680 (<0.1%, 0.00)","44,322 (<0.1%, 0.00)",NA
DSD010.x,NA,NA,NA,0.4,NA,NA,<0.001,NA,NA,<0.001
1,"352,495,156 (59%)","153,703,505 (58%)","198,791,650 (59%)",NA,"259,656,762 (56%)","92,838,394 (67%)",NA,"193,381,075 (62%, 0.01)","159,114,081 (55%, 0.01)",NA
2,"248,477,992 (41%)","109,579,032 (42%)","138,898,961 (41%)",NA,"203,068,811 (44%)","45,409,182 (33%)",NA,"119,360,028 (38%, 0.01)","129,117,965 (45%, 0.01)",NA
7,"249,473 (<0.1%)","52,902 (<0.1%)","196,570 (<0.1%)",NA,"71,158 (<0.1%)","178,315 (0.1%)",NA,"221,336 (<0.1%, 0.00)","28,137 (<0.1%, 0.00)",NA
9,"73,718 (<0.1%)","6,378 (<0.1%)","67,340 (<0.1%)",NA,"6,378 (<0.1%)","67,340 (<0.1%)",NA,"73,718 (<0.1%, 0.00)","0 (0%, 0.00)",NA
DSD010AN,NA,NA,NA,0.003,NA,NA,0.042,NA,NA,<0.001
1,"102,400,835 (17%)","41,447,619 (16%)","60,953,216 (18%)",NA,"76,275,369 (16%)","26,125,465 (19%)",NA,"57,764,401 (18%, 0.01)","44,636,434 (15%, 0.01)",NA
2,"498,763,432 (83%)","221,796,652 (84%)","276,966,780 (82%)",NA,"386,395,666 (83%)","112,367,766 (81%)",NA,"255,212,143 (82%, 0.01)","243,551,289 (84%, 0.01)",NA
7,"53,070 (<0.1%)","34,814 (<0.1%)","18,255 (<0.1%)",NA,"53,070 (<0.1%)",0 (0%),NA,"24,933 (<0.1%, 0.00)","28,137 (<0.1%, 0.00)",NA
9,"79,002 (<0.1%)","62,732 (<0.1%)","16,270 (<0.1%)",NA,"79,002 (<0.1%)",0 (0%),NA,"34,680 (<0.1%, 0.00)","44,322 (<0.1%, 0.00)",NA
DR1DRSTZ,NA,NA,NA,0.003,NA,NA,0.11,NA,NA,0.003
1,"569,829,381 (95%)","248,104,064 (94%)","321,725,317 (95%)",NA,"437,484,840 (95%)","132,344,541 (96%)",NA,"294,173,656 (94%, 0.00)","275,655,725 (96%, 0.00)",NA
2,"2,909,659 (0.5%)","1,874,840 (0.7%)","1,034,819 (0.3%)",NA,"2,394,868 (0.5%)","514,792 (0.4%)",NA,"1,804,480 (0.6%, 0.00)","1,105,179 (0.4%, 0.00)",NA
5,"28,557,299 (4.7%)","13,362,914 (5.1%)","15,194,385 (4.5%)",NA,"22,923,400 (5.0%)","5,633,899 (4.1%)",NA,"17,058,021 (5.4%, 0.00)","11,499,278 (4.0%, 0.00)",NA
DR1EXMER,45(23),45(24),45(23),>0.9,45(23),45(24),0.7,"56(25, 2)","33(13, 1)",<0.001
DRDINT.x,NA,NA,NA,0.008,NA,NA,<0.001,NA,NA,0.046
1,"63,190,795 (11%)","29,986,537 (12%)","33,204,257 (10%)",NA,"53,698,230 (12%)","9,492,565 (7.2%)",NA,"35,129,985 (12%, 0.01)","28,060,810 (10%, 0.01)",NA
2,"506,638,586 (89%)","218,117,526 (88%)","288,521,060 (90%)",NA,"383,786,611 (88%)","122,851,975 (93%)",NA,"259,043,671 (88%, 0.01)","247,594,915 (90%, 0.01)",NA
DR1DAY,NA,NA,NA,<0.001,NA,NA,0.007,NA,NA,0.003
1,"107,992,625 (19%)","47,763,199 (19%)","60,229,426 (19%)",NA,"84,316,201 (19%)","23,676,425 (18%)",NA,"55,151,941 (19%, 0.01)","52,840,684 (19%, 0.01)",NA
2,"49,512,117 (8.6%)","23,011,499 (9.2%)","26,500,617 (8.2%)",NA,"39,841,633 (9.1%)","9,670,484 (7.3%)",NA,"21,697,045 (7.3%, 0.00)","27,815,071 (10%, 0.01)",NA
3,"61,147,161 (11%)","28,807,318 (12%)","32,339,844 (10%)",NA,"45,389,793 (10%)","15,757,369 (12%)",NA,"34,056,830 (12%, 0.01)","27,090,332 (9.8%, 0.01)",NA
4,"55,151,860 (9.6%)","24,484,492 (9.8%)","30,667,368 (9.5%)",NA,"42,925,771 (9.8%)","12,226,089 (9.2%)",NA,"28,517,434 (9.6%, 0.01)","26,634,426 (9.6%, 0.01)",NA
5,"66,717,494 (12%)","31,528,808 (13%)","35,188,685 (11%)",NA,"49,006,996 (11%)","17,710,497 (13%)",NA,"33,813,870 (11%, 0.01)","32,903,624 (12%, 0.01)",NA
6,"125,345,950 (22%)","52,277,153 (21%)","73,068,798 (23%)",NA,"97,300,091 (22%)","28,045,860 (21%)",NA,"69,214,460 (23%, 0.01)","56,131,491 (20%, 0.01)",NA
7,"106,871,832 (19%)","42,106,435 (17%)","64,765,398 (20%)",NA,"81,099,223 (18%)","25,772,609 (19%)",NA,"53,526,556 (18%, 0.01)","53,345,276 (19%, 0.01)",NA
DR1LANG,NA,NA,NA,<0.001,NA,NA,<0.001,NA,NA,0.2
1,"537,114,772 (94%)","231,282,967 (92%)","305,831,805 (95%)",NA,"409,316,305 (93%)","127,798,467 (96%)",NA,"277,162,210 (93%, 0.01)","259,952,562 (94%, 0.01)",NA
2,"28,583,208 (5.0%)","14,874,651 (5.9%)","13,708,558 (4.2%)",NA,"24,431,092 (5.5%)","4,152,117 (3.1%)",NA,"14,998,008 (5.1%, 0.01)","13,585,200 (4.9%, 0.01)",NA
3,"2,765,409 (0.5%)","1,310,733 (0.5%)","1,454,676 (0.5%)",NA,"2,313,567 (0.5%)","451,842 (0.3%)",NA,"1,180,096 (0.4%, 0.00)","1,585,312 (0.6%, 0.00)",NA
4,"2,614,950 (0.5%)","1,430,531 (0.6%)","1,184,419 (0.4%)",NA,"2,193,402 (0.5%)","421,547 (0.3%)",NA,"1,305,151 (0.4%, 0.00)","1,309,798 (0.5%, 0.00)",NA
5,"1,529,261 (0.3%)","918,172 (0.4%)","611,089 (0.2%)",NA,"1,285,916 (0.3%)","243,344 (0.2%)",NA,"1,264,665 (0.4%, 0.00)","264,595 (<0.1%, 0.00)",NA
6,"832,169 (0.1%)","505,553 (0.2%)","326,616 (0.1%)",NA,"759,957 (0.2%)","72,212 (<0.1%)",NA,"538,900 (0.2%, 0.00)","293,268 (0.1%, 0.00)",NA
DS1DS,NA,NA,NA,0.8,NA,NA,<0.001,NA,NA,0.002
1,"285,352,247 (50%)","123,658,807 (50%)","161,693,440 (50%)",NA,"205,294,193 (47%)","80,058,054 (61%)",NA,"154,002,332 (52%, 0.01)","131,349,915 (48%, 0.01)",NA
2,"283,644,929 (50%)","123,886,455 (50%)","159,758,474 (50%)",NA,"231,446,938 (53%)","52,197,991 (39%)",NA,"139,560,336 (48%, 0.01)","144,084,594 (52%, 0.01)",NA
DS1DSCNT,1.34(2.07),1.38(2.19),1.31(1.96),>0.9,1.26(2.06),1.61(2.05),<0.001,"1.46(2.20, 0.05)","1.21(1.91, 0.04)",<0.001
DS1AN,NA,NA,NA,0.4,NA,NA,0.4,NA,NA,>0.9
1,"29,171,814 (5.1%)","13,220,176 (5.3%)","15,951,638 (5.0%)",NA,"21,993,497 (5.0%)","7,178,317 (5.4%)",NA,"15,084,552 (5.1%, 0.00)","14,087,261 (5.1%, 0.00)",NA
2,"540,387,453 (95%)","234,746,032 (95%)","305,641,421 (95%)",NA,"415,221,230 (95%)","125,166,223 (95%)",NA,"278,996,432 (95%, 0.00)","261,391,021 (95%, 0.00)",NA
DS1ANCNT,NA,NA,NA,0.6,NA,NA,0.072,NA,NA,0.5
0,"540,479,559 (95%)","234,838,138 (95%)","305,641,421 (95%)",NA,"415,313,335 (95%)","125,166,223 (95%)",NA,"278,996,432 (95%, 0.00)","261,483,127 (95%, 0.00)",NA
1,"28,058,590 (4.9%)","12,628,981 (5.1%)","15,429,608 (4.8%)",NA,"20,967,238 (4.8%)","7,091,352 (5.4%)",NA,"14,355,498 (4.9%, 0.00)","13,703,092 (5.0%, 0.00)",NA
2,"1,113,224 (0.2%)","591,194 (0.2%)","522,030 (0.2%)",NA,"1,026,259 (0.2%)","86,965 (<0.1%)",NA,"729,055 (0.2%, 0.00)","384,169 (0.1%, 0.00)",NA
DR2DRSTZ,NA,NA,NA,0.001,NA,NA,<0.001,NA,NA,<0.001
1,"506,638,586 (84%)","218,117,526 (83%)","288,521,060 (85%)",NA,"383,786,611 (83%)","122,851,975 (89%)",NA,"259,043,671 (83%, 0.01)","247,594,915 (86%, 0.01)",NA
2,"1,784,874 (0.3%)","969,511 (0.4%)","815,362 (0.2%)",NA,"1,283,079 (0.3%)","501,794 (0.4%)",NA,"605,909 (0.2%, 0.00)","1,178,965 (0.4%, 0.00)",NA
5,"92,872,879 (15%)","44,254,780 (17%)","48,618,099 (14%)",NA,"77,733,418 (17%)","15,139,461 (11%)",NA,"53,386,578 (17%, 0.01)","39,486,301 (14%, 0.01)",NA
DRDINT.y,NA,NA,NA,0.008,NA,NA,<0.001,NA,NA,0.046
1,"63,190,795 (11%)","29,986,537 (12%)","33,204,257 (10%)",NA,"53,698,230 (12%)","9,492,565 (7.2%)",NA,"35,129,985 (12%, 0.01)","28,060,810 (10%, 0.01)",NA
2,"506,638,586 (89%)","218,117,526 (88%)","288,521,060 (90%)",NA,"383,786,611 (88%)","122,851,975 (93%)",NA,"259,043,671 (88%, 0.01)","247,594,915 (90%, 0.01)",NA
BMXWT,87(23),85(24),88(22),<0.001,86(23),90(22),<0.001,"89(24, 0)","86(22, 0)",<0.001
BMXHT,169(10),167(10),170(10),<0.001,169(11),168(10),0.063,"168(10, 0)","169(10, 0)",0.048
BMXBMI,30(7),30(7),30(7),0.2,30(7),32(7),<0.001,"31(7, 0)","30(7, 0)",<0.001
BMXLEG,38.9(4.1),38.4(4.0),39.3(4.1),<0.001,39.1(4.0),38.3(4.1),<0.001,"38.9(3.9, 0.1)","38.9(4.1, 0.1)",0.5
BMXARML,37.93(2.82),37.75(2.85),38.08(2.78),<0.001,37.91(2.81),38.01(2.85),0.4,"37.95(2.89, 0.06)","37.92(2.78, 0.05)",0.8
BMXARMC,34.0(5.2),33.6(5.3),34.3(5.0),<0.001,33.8(5.2),34.8(5.2),<0.001,"34.4(5.4, 0.1)","33.8(5.1, 0.1)",<0.001
BMXWAIST,104(16),104(16),103(16),0.5,103(16),108(16),<0.001,"106(17, 0)","103(16, 0)",<0.001
BPAARM,NA,NA,NA,0.5,NA,NA,0.3,NA,NA,0.6
1,"842,707,678 (99%)","381,242,633 (99%)","461,465,045 (99%)",NA,"665,848,760 (99%)","176,858,918 (99%)",NA,"205,279,830 (99%, 0.00)","637,427,848 (99%, 0.00)",NA
2,"9,277,742 (1.1%)","4,834,110 (1.3%)","4,443,632 (1.0%)",NA,"6,882,077 (1.0%)","2,395,665 (1.3%)",NA,"2,099,202 (1.0%, 0.00)","7,178,539 (1.1%, 0.00)",NA
8,"13,317 (<0.1%)",0 (0%),"13,317 (<0.1%)",NA,0 (0%),"13,317 (<0.1%)",NA,"13,317 (<0.1%, 0.00)","0 (0%, 0.00)",NA
BPACSZ,NA,NA,NA,<0.001,NA,NA,<0.001,NA,NA,0.011
1,"57,766 (<0.1%)",0 (0%),"57,766 (<0.1%)",NA,"57,766 (<0.1%)",0 (0%),NA,"0 (0%, 0.00)","57,766 (<0.1%, 0.00)",NA
2,"3,124,267 (0.4%)","2,097,881 (0.5%)","1,026,387 (0.2%)",NA,"2,541,989 (0.4%)","582,279 (0.3%)",NA,"875,945 (0.4%, 0.00)","2,248,322 (0.3%, 0.00)",NA
3,"173,633,787 (20%)","92,222,411 (24%)","81,411,376 (17%)",NA,"147,875,302 (22%)","25,758,485 (14%)",NA,"40,841,889 (20%, 0.01)","132,791,898 (21%, 0.01)",NA
4,"492,847,628 (58%)","213,729,144 (55%)","279,118,484 (60%)",NA,"388,990,246 (58%)","103,857,382 (58%)",NA,"115,605,195 (56%, 0.01)","377,242,433 (59%, 0.01)",NA
5,"182,321,971 (21%)","78,027,308 (20%)","104,294,663 (22%)",NA,"133,265,533 (20%)","49,056,438 (27%)",NA,"50,056,003 (24%, 0.01)","132,265,967 (21%, 0.01)",NA
BPXPLS,73(13),73(13),73(12),0.6,73(13),72(12),<0.001,"73(12, 0)","73(13, 0)",0.2
BPXPULS,NA,NA,NA,0.003,NA,NA,0.8,NA,NA,0.13
1,"812,837,309 (95%)","363,999,234 (94%)","448,838,075 (96%)",NA,"642,165,923 (95%)","170,671,386 (95%)",NA,"199,776,697 (96%, 0.01)","613,060,612 (95%, 0.01)",NA
2,"39,110,102 (4.6%)","22,077,509 (5.7%)","17,032,593 (3.7%)",NA,"30,564,914 (4.5%)","8,545,188 (4.8%)",NA,"7,564,327 (3.6%, 0.01)","31,545,775 (4.9%, 0.01)",NA
BPXPTY,NA,NA,NA,0.4,NA,NA,0.003,NA,NA,<0.001
1,"850,503,728 (100%)","385,580,233 (100%)","464,923,495 (100%)",NA,"671,933,871 (100%)","178,569,857 (100%)",NA,"206,147,595 (99%, 0.00)","644,356,133 (100%, 0.00)",NA
2,"1,443,683 (0.2%)","496,510 (0.1%)","947,173 (0.2%)",NA,"796,966 (0.1%)","646,717 (0.4%)",NA,"1,193,429 (0.6%, 0.00)","250,254 (<0.1%, 0.00)",NA
BPXML1,162(19),174(18),151(12),<0.001,166(18),146(11),<0.001,"159(17, 1)","163(19, 0)",<0.001
BPXSY1,135(19),149(17),125(11),<0.001,140(17),117(10),<0.001,"134(17, 0)","136(19, 0)",0.048
BPXDI1,75(14),78(16),73(12),<0.001,78(13),66(11),<0.001,"74(14, 0)","76(14, 0)",0.028
BPAEN1,NA,NA,NA,0.8,NA,NA,0.072,NA,NA,0.004
1,"1,408,443 (0.2%)","678,476 (0.2%)","729,967 (0.2%)",NA,"1,196,822 (0.2%)","211,621 (0.1%)",NA,"1,162,101 (0.6%, 0.01)","246,341 (<0.1%, 0.00)",NA
2,"845,566,484 (100%)","381,531,388 (100%)","464,035,096 (100%)",NA,"666,894,491 (100%)","178,671,993 (100%)",NA,"201,206,438 (99%, 0.01)","644,360,046 (100%, 0.00)",NA
BPXSY2,134(18),148(16),123(11),<0.001,139(17),116(10),<0.001,"134(17, 0)","134(18, 0)",0.3
BPXDI2,75(14),77(16),73(12),<0.001,78(14),65(11),<0.001,"74(14, 0)","75(14, 0)",0.021
BPAEN2,NA,NA,NA,0.11,NA,NA,0.4,NA,NA,<0.001
1,"17,676,524 (2.1%)","7,066,657 (1.8%)","10,609,868 (2.3%)",NA,"14,524,701 (2.2%)","3,151,824 (1.8%)",NA,"7,955,449 (3.9%, 0.01)","9,721,075 (1.5%, 0.00)",NA
2,"833,046,329 (98%)","378,439,297 (98%)","454,607,033 (98%)",NA,"657,237,034 (98%)","175,809,296 (98%)",NA,"198,197,546 (96%, 0.01)","634,848,783 (98%, 0.00)",NA
BPXSY3,133(18),146(16),123(11),<0.001,138(16),115(10),<0.001,"134(17, 0)","133(18, 0)",0.03
BPXDI3,74(14),77(16),73(12),<0.001,77(14),65(11),<0.001,"74(14, 0)","75(14, 0)",0.13
BPAEN3,NA,NA,NA,0.5,NA,NA,0.4,NA,NA,0.001
1,"17,159,474 (2.0%)","7,344,755 (1.9%)","9,814,719 (2.1%)",NA,"14,039,157 (2.1%)","3,120,316 (1.7%)",NA,"7,472,621 (3.6%, 0.01)","9,686,852 (1.5%, 0.00)",NA
2,"832,913,906 (98%)","377,516,999 (98%)","455,396,907 (98%)",NA,"657,208,403 (98%)","175,705,504 (98%)",NA,"198,248,754 (96%, 0.01)","634,665,153 (98%, 0.00)",NA
LBXWBCSI,7.38(3.05),7.41(2.40),7.35(3.49),0.048,7.35(2.32),7.45(4.80),0.6,"7.55(3.93, 0.05)","7.26(2.28, 0.05)",<0.001
LBXLYPCT,29(8),29(9),30(8),<0.001,30(8),29(8),<0.001,"29(8, 0)","29(8, 0)",0.9
LBXMOPCT,8.18(2.50),8.17(2.33),8.19(2.62),0.8,8.13(2.28),8.36(3.11),0.017,"8.37(2.26, 0.03)","8.06(2.63, 0.06)",<0.001
LBXNEPCT,59(9),59(9),59(9),0.002,59(9),59(10),0.003,"59(9, 0)","59(9, 0)",0.3
LBXEOPCT,2.91(2.01),2.92(2.06),2.91(1.96),0.8,2.87(1.98),3.06(2.08),0.001,"2.84(1.99, 0.03)","2.96(2.02, 0.03)",<0.001
LBXBAPCT,0.73(0.46),0.73(0.45),0.74(0.47),0.9,0.73(0.46),0.76(0.46),0.003,"0.82(0.34, 0.01)","0.68(0.52, 0.01)",<0.001
LBDLYMNO,2.13(2.15),2.12(1.34),2.15(2.62),0.025,2.14(1.22),2.12(3.93),<0.001,"2.19(3.10, 0.03)","2.09(1.11, 0.01)",<0.001
LBDMONO,0.59(0.22),0.59(0.22),0.58(0.22),0.3,0.58(0.21),0.60(0.25),0.018,"0.61(0.22, 0.00)","0.57(0.22, 0.01)",<0.001
LBDNENO,4.40(1.69),4.44(1.67),4.36(1.70),0.007,4.38(1.64),4.46(1.84),0.13,"4.48(1.71, 0.03)","4.34(1.67, 0.04)",0.015
LBDEONO,0.21(0.16),0.21(0.16),0.21(0.16),0.6,0.21(0.16),0.22(0.18),<0.001,"0.21(0.16, 0.00)","0.21(0.16, 0.00)",0.3
LBDBANO,0.05(0.06),0.05(0.06),0.05(0.06),0.4,0.05(0.06),0.05(0.07),<0.001,"0.06(0.05, 0.00)","0.04(0.07, 0.00)",<0.001
LBXRBCSI,4.70(0.50),4.67(0.52),4.72(0.48),<0.001,4.73(0.50),4.58(0.49),<0.001,"4.74(0.50, 0.01)","4.67(0.50, 0.01)",<0.001
LBXHGB,14.30(1.50),14.20(1.55),14.38(1.45),<0.001,14.38(1.50),14.01(1.47),<0.001,"14.23(1.51, 0.03)","14.35(1.49, 0.04)",0.041
LBXHCT,42.1(4.2),41.9(4.4),42.3(4.1),0.001,42.3(4.2),41.2(4.1),<0.001,"42.3(4.1, 0.1)","42.0(4.3, 0.1)",0.053
LBXMCVSI,89.9(5.5),89.9(5.8),89.8(5.3),0.2,89.8(5.6),90.3(5.3),0.018,"89.5(5.6, 0.1)","90.1(5.4, 0.1)",0.002
LBXMCHSI,30.53(2.23),30.48(2.35),30.57(2.13),0.2,30.49(2.26),30.66(2.14),0.038,"30.11(2.27, 0.06)","30.81(2.16, 0.06)",<0.001
LBXMC,33.95(0.99),33.89(1.01),34.01(0.98),<0.001,33.96(0.99),33.95(1.00),0.7,"33.62(0.96, 0.04)","34.18(0.95, 0.05)",<0.001
LBXRDW,13.27(1.28),13.38(1.34),13.18(1.22),<0.001,13.23(1.26),13.40(1.35),<0.001,"13.81(1.21, 0.02)","12.90(1.19, 0.02)",<0.001
LBXPLTSI,251(69),249(71),252(67),0.009,252(68),246(71),<0.001,"239(63, 1)","259(71, 2)",<0.001
LBXMPSI,8.16(0.93),8.17(0.92),8.15(0.94),0.2,8.15(0.92),8.20(0.96),0.045,"8.36(0.93, 0.02)","8.03(0.91, 0.02)",<0.001
LBDTCSI,5.14(1.13),5.22(1.17),5.07(1.09),<0.001,5.23(1.12),4.83(1.09),<0.001,"5.01(1.13, 0.02)","5.22(1.12, 0.02)",<0.001
LBDHDD,53(17),54(18),52(16),<0.001,53(17),51(16),<0.001,"53(18, 0)","53(16, 0)",>0.9
LBXGH,5.82(1.04),6.03(1.23),5.65(0.83),<0.001,5.76(1.01),6.01(1.14),<0.001,"5.92(1.12, 0.02)","5.75(0.98, 0.02)",<0.001
LBXHA,NA,NA,NA,<0.001,NA,NA,0.5,NA,NA,0.007
1,"263,311,426 (36%)","129,618,262 (40%)","133,693,164 (32%)",NA,"206,498,723 (36%)","56,812,702 (34%)",NA,"105,413,556 (36%, 0.01)","157,897,870 (36%, 0.01)",NA
2,"473,805,172 (64%)","195,750,394 (60%)","278,054,778 (67%)",NA,"365,847,568 (64%)","107,957,604 (65%)",NA,"190,322,830 (64%, 0.01)","283,482,343 (64%, 0.01)",NA
3,"799,915 (0.1%)","288,166 (<0.1%)","511,749 (0.1%)",NA,"600,109 (0.1%)","199,806 (0.1%)",NA,"763,772 (0.3%, 0.00)","36,143 (<0.1%, 0.00)",NA
URXUMA,51(342),89(484),21(149),<0.001,54(367),38(235),0.081,"59(361, 4)","45(328, 3)",<0.001
URXUCR,116(75),110(72),120(78),<0.001,115(76),116(74),0.2,"119(78, 1)","114(74, 1)",0.052
DBQ330,NA,NA,NA,0.2,NA,NA,0.4,NA,NA,0.3
1,"27,556,437 (6.5%)","16,637,429 (7.1%)","10,919,008 (5.9%)",NA,"20,792,979 (6.8%)","6,763,458 (5.9%)",NA,"8,242,198 (5.9%, 0.01)","19,314,239 (6.9%, 0.01)",NA
2,"393,825,742 (93%)","219,310,097 (93%)","174,515,644 (94%)",NA,"285,894,402 (93%)","107,931,339 (94%)",NA,"132,031,968 (94%, 0.01)","261,793,774 (93%, 0.01)",NA
7,"19,868 (<0.1%)","19,868 (<0.1%)",0 (0%),NA,"19,868 (<0.1%)",0 (0%),NA,"0 (0%, 0.00)","19,868 (<0.1%, 0.00)",NA
9,"7,638 (<0.1%)","7,638 (<0.1%)",0 (0%),NA,"7,638 (<0.1%)",0 (0%),NA,"7,638 (<0.1%, 0.00)","0 (0%, 0.00)",NA
ALQ130,3.72(34.02),3.47(30.48),3.91(36.41),0.021,3.71(32.18),3.78(40.23),<0.001,"3.73(33.98, 0.44)","3.72(34.04, 0.56)",0.2
BPQ020,NA,NA,NA,0.12,NA,NA,<0.001,NA,NA,0.017
1,"581,521,293 (61%)","268,724,211 (62%)","312,797,082 (60%)",NA,"379,532,091 (50%)","201,989,202 (99%)",NA,"197,199,621 (63%, 0.01)","384,321,672 (60%, 0.01)",NA
2,"376,121,251 (39%)","166,129,013 (38%)","209,992,238 (40%)",NA,"374,804,642 (50%)","1,316,609 (0.6%)",NA,"115,836,536 (37%, 0.01)","260,284,715 (40%, 0.01)",NA
BPQ030,NA,NA,NA,0.3,NA,NA,<0.001,NA,NA,0.3
1,"491,510,721 (85%)","224,991,925 (84%)","266,518,796 (85%)",NA,"313,786,388 (83%)","177,724,333 (88%)",NA,"165,381,544 (84%, 0.01)","326,129,177 (85%, 0.01)",NA
2,"88,163,455 (15%)","42,854,443 (16%)","45,309,012 (14%)",NA,"64,470,274 (17%)","23,693,181 (12%)",NA,"30,986,395 (16%, 0.01)","57,177,060 (15%, 0.01)",NA
7,"14,666 (<0.1%)","14,666 (<0.1%)",0 (0%),NA,"14,666 (<0.1%)",0 (0%),NA,"14,666 (<0.1%, 0.00)","0 (0%, 0.00)",NA
9,"1,832,452 (0.3%)","863,177 (0.3%)","969,274 (0.3%)",NA,"1,260,764 (0.3%)","571,688 (0.3%)",NA,"817,017 (0.4%, 0.00)","1,015,435 (0.3%, 0.00)",NA
BPQ040A,NA,NA,NA,0.006,NA,NA,<0.001,NA,NA,0.001
1,"525,105,968 (90%)","237,800,222 (88%)","287,305,745 (92%)",NA,"323,208,765 (85%)","201,897,203 (100%)",NA,"181,572,923 (92%, 0.00)","343,533,045 (89%, 0.01)",NA
2,"56,415,325 (9.7%)","30,923,989 (12%)","25,491,336 (8.1%)",NA,"56,323,327 (15%)","91,999 (<0.1%)",NA,"15,626,697 (7.9%, 0.00)","40,788,628 (11%, 0.01)",NA
BPQ060,NA,NA,NA,0.7,NA,NA,<0.001,NA,NA,<0.001
1,"631,713,121 (83%)","290,567,714 (84%)","341,145,407 (83%)",NA,"498,613,606 (81%)","133,099,515 (94%)",NA,"127,826,678 (77%, 0.01)","503,886,444 (85%, 0.01)",NA
2,"111,186,002 (15%)","49,266,391 (14%)","61,919,611 (15%)",NA,"105,962,535 (17%)","5,223,467 (3.7%)",NA,"32,069,639 (19%, 0.01)","79,116,363 (13%, 0.01)",NA
7,"28,293 (<0.1%)","17,698 (<0.1%)","10,595 (<0.1%)",NA,"28,293 (<0.1%)",0 (0%),NA,"17,698 (<0.1%, 0.00)","10,595 (<0.1%, 0.00)",NA
9,"17,453,809 (2.3%)","8,006,204 (2.3%)","9,447,604 (2.3%)",NA,"14,384,743 (2.3%)","3,069,065 (2.2%)",NA,"5,432,783 (3.3%, 0.00)","12,021,026 (2.0%, 0.00)",NA
BPQ070,NA,NA,NA,0.012,NA,NA,<0.001,NA,NA,0.2
1,"580,845,035 (70%)","265,787,152 (71%)","315,057,883 (70%)",NA,"419,967,894 (67%)","160,877,141 (83%)",NA,"190,499,029 (69%, 0.01)","390,346,006 (71%, 0.01)",NA
2,"119,074,401 (14%)","52,416,642 (14%)","66,657,759 (15%)",NA,"97,881,559 (16%)","21,192,842 (11%)",NA,"41,708,694 (15%, 0.01)","77,365,707 (14%, 0.01)",NA
3,"79,276,532 (9.6%)","37,870,827 (10%)","41,405,705 (9.2%)",NA,"71,473,729 (11%)","7,802,803 (4.0%)",NA,"28,127,543 (10%, 0.00)","51,148,989 (9.3%, 0.00)",NA
4,"43,058,754 (5.2%)","18,267,921 (4.9%)","24,790,833 (5.5%)",NA,"38,394,975 (6.1%)","4,663,779 (2.4%)",NA,"13,941,336 (5.1%, 0.00)","29,117,418 (5.3%, 0.00)",NA
9,"2,909,048 (0.4%)","2,144,725 (0.6%)","764,323 (0.2%)",NA,"2,515,518 (0.4%)","393,529 (0.2%)",NA,"1,239,436 (0.4%, 0.00)","1,669,612 (0.3%, 0.00)",NA
BPQ080,NA,NA,NA,0.14,NA,NA,<0.001,NA,NA,0.087
1,"430,569,574 (49%)","201,623,197 (50%)","228,946,377 (48%)",NA,"311,238,027 (46%)","119,331,547 (60%)",NA,"147,689,360 (47%, 0.01)","282,880,214 (50%, 0.01)",NA
2,"440,720,017 (50%)","194,676,831 (49%)","246,043,186 (51%)",NA,"363,734,856 (53%)","76,985,162 (39%)",NA,"162,813,296 (52%, 0.01)","277,906,721 (49%, 0.01)",NA
9,"7,356,431 (0.8%)","3,798,736 (0.9%)","3,557,695 (0.7%)",NA,"5,508,227 (0.8%)","1,848,204 (0.9%)",NA,"2,533,501 (0.8%, 0.00)","4,822,929 (0.9%, 0.00)",NA
BPQ090D,NA,NA,NA,0.039,NA,NA,<0.001,NA,NA,<0.001
1,"321,647,160 (54%)","154,595,540 (56%)","167,051,620 (52%)",NA,"216,226,496 (48%)","105,420,663 (70%)",NA,"125,260,278 (45%, 0.01)","196,386,882 (61%, 0.01)",NA
2,"274,970,058 (46%)","120,600,836 (44%)","154,369,223 (48%)",NA,"229,680,802 (51%)","45,289,257 (30%)",NA,"149,621,883 (54%, 0.01)","125,348,176 (39%, 0.01)",NA
9,"976,756 (0.2%)","477,386 (0.2%)","499,370 (0.2%)",NA,"569,826 (0.1%)","406,930 (0.3%)",NA,"633,877 (0.2%, 0.00)","342,879 (0.1%, 0.00)",NA
CDQ010,NA,NA,NA,0.2,NA,NA,<0.001,NA,NA,0.5
1,"317,544,667 (39%)","154,971,817 (40%)","162,572,850 (38%)",NA,"227,698,368 (37%)","89,846,299 (47%)",NA,"102,718,136 (39%, 0.01)","214,826,530 (39%, 0.01)",NA
2,"494,708,676 (61%)","236,024,787 (60%)","258,683,889 (61%)",NA,"393,355,815 (63%)","101,352,861 (53%)",NA,"158,785,199 (61%, 0.01)","335,923,477 (61%, 0.01)",NA
7,"20,984 (<0.1%)",0 (0%),"20,984 (<0.1%)",NA,0 (0%),"20,984 (<0.1%)",NA,"20,984 (<0.1%, 0.00)","0 (0%, 0.00)",NA
9,"1,661,011 (0.2%)","476,041 (0.1%)","1,184,969 (0.3%)",NA,"526,103 (<0.1%)","1,134,908 (0.6%)",NA,"325,895 (0.1%, 0.00)","1,335,115 (0.2%, 0.00)",NA
HSQ590,NA,NA,NA,<0.001,NA,NA,0.077,NA,NA,<0.001
1,"278,569,220 (31%)","109,223,739 (27%)","169,345,481 (34%)",NA,"222,348,130 (31%)","56,221,090 (29%)",NA,"94,026,028 (32%, 0.01)","184,543,192 (30%, 0.01)",NA
2,"598,494,955 (66%)","288,933,933 (70%)","309,561,022 (63%)",NA,"465,316,574 (66%)","133,178,381 (68%)",NA,"186,970,062 (63%, 0.01)","411,524,893 (68%, 0.01)",NA
7,"21,176 (<0.1%)",0 (0%),"21,176 (<0.1%)",NA,"21,176 (<0.1%)",0 (0%),NA,"21,176 (<0.1%, 0.00)","0 (0%, 0.00)",NA
9,"28,994,783 (3.2%)","13,184,222 (3.2%)","15,810,561 (3.2%)",NA,"22,204,425 (3.1%)","6,790,357 (3.5%)",NA,"16,014,431 (5.4%, 0.00)","12,980,352 (2.1%, 0.00)",NA
DIQ010,NA,NA,NA,<0.001,NA,NA,<0.001,NA,NA,<0.001
1,"142,665,617 (15%)","90,516,338 (21%)","52,149,279 (10.0%)",NA,"94,447,855 (13%)","48,217,763 (24%)",NA,"56,466,879 (18%, 0.01)","86,198,738 (13%, 0.00)",NA
2,"788,238,090 (82%)","331,631,515 (76%)","456,606,575 (87%)",NA,"640,113,049 (85%)","148,125,041 (73%)",NA,"245,295,563 (78%, 0.01)","542,942,527 (84%, 0.00)",NA
3,"26,450,032 (2.8%)","12,554,223 (2.9%)","13,895,810 (2.7%)",NA,"19,487,025 (2.6%)","6,963,007 (3.4%)",NA,"11,216,229 (3.6%, 0.00)","15,233,803 (2.4%, 0.00)",NA
9,"288,805 (<0.1%)","151,148 (<0.1%)","137,657 (<0.1%)",NA,"288,805 (<0.1%)",0 (0%),NA,"57,486 (<0.1%, 0.00)","231,319 (<0.1%, 0.00)",NA
DIQ050,NA,NA,NA,<0.001,NA,NA,<0.001,NA,NA,<0.001
1,"37,090,578 (4.3%)","23,275,279 (5.8%)","13,815,299 (2.9%)",NA,"23,275,279 (3.4%)","13,815,299 (7.4%)",NA,"15,973,083 (7.0%, 0.00)","21,117,495 (3.3%, 0.00)",NA
2,"835,321,967 (96%)","375,800,993 (94%)","459,520,973 (97%)",NA,"662,938,065 (97%)","172,383,901 (93%)",NA,"211,833,075 (93%, 0.00)","623,488,892 (97%, 0.00)",NA
9,"68,887 (<0.1%)","56,339 (<0.1%)","12,547 (<0.1%)",NA,"56,339 (<0.1%)","12,547 (<0.1%)",NA,"68,887 (<0.1%, 0.00)","0 (0%, 0.00)",NA
HIQ210,NA,NA,NA,0.3,NA,NA,<0.001,NA,NA,0.02
1,"38,325,780 (4.5%)","16,007,523 (4.2%)","22,318,256 (4.9%)",NA,"32,033,149 (4.9%)","6,292,631 (3.3%)",NA,"14,154,368 (5.1%, 0.00)","24,171,411 (4.3%, 0.00)",NA
2,"804,290,945 (95%)","368,105,147 (96%)","436,185,798 (95%)",NA,"619,504,295 (95%)","184,786,650 (97%)",NA,"263,295,102 (95%, 0.00)","540,995,843 (96%, 0.00)",NA
7,"21,266 (<0.1%)",0 (0%),"21,266 (<0.1%)",NA,0 (0%),"21,266 (<0.1%)",NA,"21,266 (<0.1%, 0.00)","0 (0%, 0.00)",NA
9,"259,063 (<0.1%)","41,248 (<0.1%)","217,815 (<0.1%)",NA,"93,623 (<0.1%)","165,440 (<0.1%)",NA,"222,572 (<0.1%, 0.00)","36,491 (<0.1%, 0.00)",NA
HUQ010,NA,NA,NA,<0.001,NA,NA,<0.001,NA,NA,<0.001
1,"114,325,228 (12%)","47,677,765 (11%)","66,647,463 (13%)",NA,"98,743,211 (13%)","15,582,017 (7.7%)",NA,"29,515,414 (9.4%, 0.00)","84,809,814 (13%, 0.01)",NA
2,"277,195,494 (29%)","119,334,080 (27%)","157,861,414 (30%)",NA,"226,572,521 (30%)","50,622,973 (25%)",NA,"88,004,143 (28%, 0.01)","189,191,351 (29%, 0.01)",NA
3,"346,426,370 (36%)","158,309,102 (36%)","188,117,269 (36%)",NA,"270,487,305 (36%)","75,939,065 (37%)",NA,"118,300,650 (38%, 0.01)","228,125,721 (35%, 0.01)",NA
4,"175,184,673 (18%)","87,011,317 (20%)","88,173,356 (17%)",NA,"129,119,622 (17%)","46,065,051 (23%)",NA,"62,680,927 (20%, 0.01)","112,503,746 (17%, 0.01)",NA
5,"44,113,785 (4.6%)","22,205,743 (5.1%)","21,908,043 (4.2%)",NA,"29,022,234 (3.8%)","15,091,551 (7.4%)",NA,"14,306,684 (4.6%, 0.00)","29,807,101 (4.6%, 0.00)",NA
7,"168,243 (<0.1%)","109,810 (<0.1%)","58,433 (<0.1%)",NA,"168,243 (<0.1%)",0 (0%),NA,"140,550 (<0.1%, 0.00)","27,693 (<0.1%, 0.00)",NA
9,"228,750 (<0.1%)","205,408 (<0.1%)","23,342 (<0.1%)",NA,"223,597 (<0.1%)","5,153 (<0.1%)",NA,"87,789 (<0.1%, 0.00)","140,961 (<0.1%, 0.00)",NA
HUQ030,NA,NA,NA,0.7,NA,NA,<0.001,NA,NA,<0.001
1,"859,587,086 (90%)","391,471,524 (90%)","468,115,562 (90%)",NA,"662,572,283 (88%)","197,014,803 (97%)",NA,"275,298,997 (88%, 0.00)","584,288,090 (91%, 0.00)",NA
2,"92,365,171 (9.6%)","41,171,756 (9.5%)","51,193,415 (9.8%)",NA,"87,820,959 (12%)","4,544,212 (2.2%)",NA,"35,277,197 (11%, 0.00)","57,087,974 (8.9%, 0.00)",NA
3,"5,660,165 (0.6%)","2,209,944 (0.5%)","3,450,221 (0.7%)",NA,"3,913,370 (0.5%)","1,746,795 (0.9%)",NA,"2,429,842 (0.8%, 0.00)","3,230,323 (0.5%, 0.00)",NA
7,"30,122 (<0.1%)",0 (0%),"30,122 (<0.1%)",NA,"30,122 (<0.1%)",0 (0%),NA,"30,122 (<0.1%, 0.00)","0 (0%, 0.00)",NA
HUQ090,NA,NA,NA,<0.001,NA,NA,0.018,NA,NA,0.07
1,"78,924,210 (8.2%)","29,881,512 (6.9%)","49,042,698 (9.4%)",NA,"59,997,218 (8.0%)","18,926,993 (9.3%)",NA,"28,981,559 (9.3%, 0.01)","49,942,651 (7.7%, 0.00)",NA
2,"878,182,782 (92%)","404,787,273 (93%)","473,395,509 (91%)",NA,"694,140,717 (92%)","184,042,065 (91%)",NA,"283,838,390 (91%, 0.01)","594,344,392 (92%, 0.00)",NA
9,"535,552 (<0.1%)","184,439 (<0.1%)","351,113 (<0.1%)",NA,"198,799 (<0.1%)","336,753 (0.2%)",NA,"216,208 (<0.1%, 0.00)","319,344 (<0.1%, 0.00)",NA
HOD050,7.77(35.37),7.64(34.56),7.88(36.02),<0.001,7.58(32.85),8.49(43.50),0.2,"8.72(43.60, 1.37)","7.47(32.31, 0.40)",0.4
HOQ065,NA,NA,NA,0.093,NA,NA,0.016,NA,NA,<0.001
1,"643,522,879 (76%)","295,691,719 (77%)","347,831,160 (75%)",NA,"503,498,829 (75%)","140,024,050 (78%)",NA,"145,178,584 (71%, 0.01)","498,344,295 (78%, 0.01)",NA
2,"185,532,308 (22%)","81,074,858 (21%)","104,457,450 (23%)",NA,"151,469,471 (23%)","34,062,837 (19%)",NA,"54,477,099 (27%, 0.01)","131,055,209 (20%, 0.01)",NA
3,"15,779,721 (1.9%)","5,999,825 (1.6%)","9,779,896 (2.1%)",NA,"11,533,980 (1.7%)","4,245,741 (2.4%)",NA,"4,201,287 (2.1%, 0.00)","11,578,434 (1.8%, 0.00)",NA
7,"311,709 (<0.1%)","149,806 (<0.1%)","161,903 (<0.1%)",NA,"280,532 (<0.1%)","31,177 (<0.1%)",NA,"224,431 (0.1%, 0.00)","87,278 (<0.1%, 0.00)",NA
9,"191,358 (<0.1%)","54,800 (<0.1%)","136,558 (<0.1%)",NA,"135,944 (<0.1%)","55,415 (<0.1%)",NA,"60,723 (<0.1%, 0.00)","130,636 (<0.1%, 0.00)",NA
IMQ020,NA,NA,NA,<0.001,NA,NA,0.2,NA,NA,<0.001
1,"197,120,650 (21%)","74,952,539 (17%)","122,168,111 (23%)",NA,"157,079,277 (21%)","40,041,374 (20%)",NA,"74,590,605 (24%, 0.01)","122,530,046 (19%, 0.01)",NA
2,"22,556,500 (2.4%)","10,008,633 (2.3%)","12,547,867 (2.4%)",NA,"17,351,141 (2.3%)","5,205,359 (2.6%)",NA,"9,315,844 (3.0%, 0.00)","13,240,656 (2.1%, 0.00)",NA
3,"659,437,230 (69%)","315,353,921 (73%)","344,083,309 (66%)",NA,"515,949,789 (68%)","143,487,441 (71%)",NA,"197,429,525 (63%, 0.01)","462,007,705 (72%, 0.01)",NA
7,"302,286 (<0.1%)","105,328 (<0.1%)","196,958 (<0.1%)",NA,"302,286 (<0.1%)",0 (0%),NA,"76,104 (<0.1%, 0.00)","226,182 (<0.1%, 0.00)",NA
9,"78,225,879 (8.2%)","34,432,803 (7.9%)","43,793,075 (8.4%)",NA,"63,654,242 (8.4%)","14,571,637 (7.2%)",NA,"31,624,080 (10%, 0.00)","46,601,798 (7.2%, 0.00)",NA
MCQ010,NA,NA,NA,0.11,NA,NA,0.03,NA,NA,0.002
1,"137,676,874 (14%)","59,310,355 (14%)","78,366,519 (15%)",NA,"104,363,529 (14%)","33,313,345 (16%)",NA,"49,697,218 (16%, 0.01)","87,979,656 (14%, 0.01)",NA
2,"819,055,897 (86%)","375,317,279 (86%)","443,738,618 (85%)",NA,"649,414,194 (86%)","169,641,703 (83%)",NA,"263,215,801 (84%, 0.01)","555,840,095 (86%, 0.01)",NA
9,"909,773 (<0.1%)","225,591 (<0.1%)","684,183 (0.1%)",NA,"559,011 (<0.1%)","350,762 (0.2%)",NA,"123,137 (<0.1%, 0.00)","786,636 (0.1%, 0.00)",NA
MCQ053,NA,NA,NA,0.03,NA,NA,<0.001,NA,NA,0.9
1,"37,537,217 (3.9%)","19,258,298 (4.4%)","18,278,919 (3.5%)",NA,"26,069,150 (3.5%)","11,468,067 (5.6%)",NA,"12,610,377 (4.0%, 0.00)","24,926,840 (3.9%, 0.00)",NA
2,"919,567,031 (96%)","415,211,114 (95%)","504,355,916 (96%)",NA,"727,809,522 (96%)","191,757,509 (94%)",NA,"300,243,839 (96%, 0.00)","619,323,192 (96%, 0.00)",NA
9,"538,296 (<0.1%)","383,812 (<0.1%)","154,484 (<0.1%)",NA,"458,061 (<0.1%)","80,235 (<0.1%)",NA,"181,941 (<0.1%, 0.00)","356,355 (<0.1%, 0.00)",NA
MCQ080,NA,NA,NA,0.5,NA,NA,<0.001,NA,NA,<0.001
1,"351,645,182 (45%)","153,991,843 (44%)","197,653,340 (46%)",NA,"253,828,161 (42%)","97,817,021 (56%)",NA,"152,506,063 (49%, 0.01)","199,139,119 (43%, 0.01)",NA
2,"428,428,602 (55%)","192,238,165 (55%)","236,190,438 (54%)",NA,"353,020,743 (58%)","75,407,860 (44%)",NA,"160,333,524 (51%, 0.01)","268,095,079 (57%, 0.01)",NA
9,"402,979 (<0.1%)","187,665 (<0.1%)","215,314 (<0.1%)",NA,"348,053 (<0.1%)","54,927 (<0.1%)",NA,"196,570 (<0.1%, 0.00)","206,409 (<0.1%, 0.00)",NA
MCQ092,NA,NA,NA,<0.001,NA,NA,0.008,NA,NA,<0.001
1,"158,419,097 (17%)","85,422,420 (20%)","72,996,677 (14%)",NA,"118,525,534 (16%)","39,893,563 (20%)",NA,"44,876,786 (14%, 0.01)","113,542,311 (18%, 0.01)",NA
2,"781,942,599 (82%)","339,857,750 (78%)","442,084,849 (85%)",NA,"622,903,935 (83%)","159,038,663 (78%)",NA,"262,459,432 (84%, 0.01)","519,483,166 (81%, 0.01)",NA
7,"37,287 (<0.1%)","22,773 (<0.1%)","14,514 (<0.1%)",NA,"22,773 (<0.1%)","14,514 (<0.1%)",NA,"37,287 (<0.1%, 0.00)","0 (0%, 0.00)",NA
9,"17,243,561 (1.8%)","9,550,282 (2.2%)","7,693,280 (1.5%)",NA,"12,884,492 (1.7%)","4,359,070 (2.1%)",NA,"5,662,652 (1.8%, 0.00)","11,580,910 (1.8%, 0.00)",NA
MCQ160A,NA,NA,NA,<0.001,NA,NA,<0.001,NA,NA,0.2
1,"361,359,961 (38%)","175,437,868 (40%)","185,922,093 (36%)",NA,"255,589,473 (34%)","105,770,488 (52%)",NA,"122,092,154 (39%, 0.01)","239,267,807 (37%, 0.01)",NA
2,"588,912,719 (62%)","256,941,033 (59%)","331,971,686 (64%)",NA,"491,870,301 (66%)","97,042,418 (48%)",NA,"189,047,443 (61%, 0.01)","399,865,276 (62%, 0.01)",NA
9,"2,242,352 (0.2%)","1,192,857 (0.3%)","1,049,495 (0.2%)",NA,"1,849,853 (0.2%)","392,500 (0.2%)",NA,"571,487 (0.2%, 0.00)","1,670,865 (0.3%, 0.00)",NA
MCQ160B,NA,NA,NA,0.001,NA,NA,<0.001,NA,NA,0.5
1,"40,927,822 (4.3%)","21,337,792 (4.9%)","19,590,030 (3.8%)",NA,"25,824,172 (3.4%)","15,103,651 (7.4%)",NA,"13,997,533 (4.5%, 0.00)","26,930,289 (4.2%, 0.00)",NA
2,"909,407,112 (95%)","410,905,647 (95%)","498,501,465 (96%)",NA,"721,906,842 (96%)","187,500,270 (92%)",NA,"296,849,998 (95%, 0.00)","612,557,114 (96%, 0.00)",NA
9,"2,180,098 (0.2%)","1,328,319 (0.3%)","851,779 (0.2%)",NA,"1,578,613 (0.2%)","601,485 (0.3%)",NA,"863,552 (0.3%, 0.00)","1,316,546 (0.2%, 0.00)",NA
MCQ160C,NA,NA,NA,0.015,NA,NA,<0.001,NA,NA,0.5
1,"59,491,965 (6.2%)","29,978,424 (6.9%)","29,513,541 (5.7%)",NA,"36,960,989 (4.9%)","22,530,977 (11%)",NA,"19,839,162 (6.4%, 0.00)","39,652,803 (6.2%, 0.00)",NA
2,"888,749,610 (93%)","400,869,090 (92%)","487,880,520 (94%)",NA,"708,863,670 (95%)","179,885,940 (89%)",NA,"290,817,204 (93%, 0.01)","597,932,406 (93%, 0.00)",NA
7,"10,432 (<0.1%)",0 (0%),"10,432 (<0.1%)",NA,0 (0%),"10,432 (<0.1%)",NA,"0 (0%, 0.00)","10,432 (<0.1%, 0.00)",NA
9,"4,263,025 (0.4%)","2,724,244 (0.6%)","1,538,781 (0.3%)",NA,"3,484,968 (0.5%)","778,057 (0.4%)",NA,"1,054,717 (0.3%, 0.00)","3,208,308 (0.5%, 0.00)",NA
MCQ160D,NA,NA,NA,0.032,NA,NA,<0.001,NA,NA,0.14
1,"38,901,816 (4.1%)","20,021,059 (4.6%)","18,880,757 (3.6%)",NA,"25,497,306 (3.4%)","13,404,510 (6.6%)",NA,"11,068,244 (3.6%, 0.00)","27,833,572 (4.3%, 0.00)",NA
2,"910,862,274 (96%)","411,889,035 (95%)","498,973,240 (96%)",NA,"721,910,795 (96%)","188,951,479 (93%)",NA,"299,858,706 (96%, 0.00)","611,003,568 (95%, 0.00)",NA
7,"14,666 (<0.1%)","14,666 (<0.1%)",0 (0%),NA,"14,666 (<0.1%)",0 (0%),NA,"14,666 (<0.1%, 0.00)","0 (0%, 0.00)",NA
9,"2,736,277 (0.3%)","1,646,999 (0.4%)","1,089,278 (0.2%)",NA,"1,886,860 (0.3%)","849,417 (0.4%)",NA,"769,468 (0.2%, 0.00)","1,966,809 (0.3%, 0.00)",NA
MCQ160E,NA,NA,NA,0.11,NA,NA,<0.001,NA,NA,0.9
1,"55,418,426 (5.8%)","27,961,409 (6.4%)","27,457,016 (5.3%)",NA,"35,689,310 (4.8%)","19,729,116 (9.7%)",NA,"18,117,294 (5.8%, 0.00)","37,301,131 (5.8%, 0.00)",NA
2,"895,667,310 (94%)","404,954,331 (93%)","490,712,979 (95%)",NA,"712,726,634 (95%)","182,940,676 (90%)",NA,"293,148,436 (94%, 0.00)","602,518,874 (94%, 0.00)",NA
7,"98,712 (<0.1%)",0 (0%),"98,712 (<0.1%)",NA,0 (0%),"98,712 (<0.1%)",NA,"0 (0%, 0.00)","98,712 (<0.1%, 0.00)",NA
9,"1,330,585 (0.1%)","656,018 (0.2%)","674,567 (0.1%)",NA,"893,682 (0.1%)","436,903 (0.2%)",NA,"445,353 (0.1%, 0.00)","885,232 (0.1%, 0.00)",NA
MCQ160F,NA,NA,NA,<0.001,NA,NA,<0.001,NA,NA,0.3
1,"48,007,290 (5.0%)","26,397,618 (6.1%)","21,609,672 (4.2%)",NA,"32,719,466 (4.4%)","15,287,823 (7.5%)",NA,"16,796,916 (5.4%, 0.00)","31,210,373 (4.9%, 0.00)",NA
2,"902,833,640 (95%)","406,066,742 (94%)","496,766,898 (96%)",NA,"715,110,934 (95%)","187,722,706 (92%)",NA,"294,511,926 (94%, 0.00)","608,321,714 (95%, 0.00)",NA
9,"1,674,103 (0.2%)","1,107,399 (0.3%)","566,704 (0.1%)",NA,"1,479,227 (0.2%)","194,877 (<0.1%)",NA,"402,242 (0.1%, 0.00)","1,271,862 (0.2%, 0.00)",NA
MCQ160L,NA,NA,NA,0.7,NA,NA,0.12,NA,NA,0.2
1,"47,895,564 (5.0%)","22,745,884 (5.2%)","25,149,680 (4.8%)",NA,"35,757,806 (4.8%)","12,137,758 (6.0%)",NA,"17,647,681 (5.7%, 0.00)","30,247,883 (4.7%, 0.00)",NA
2,"902,656,783 (95%)","409,768,310 (95%)","492,888,474 (95%)",NA,"712,258,739 (95%)","190,398,045 (94%)",NA,"293,524,117 (94%, 0.00)","609,132,667 (95%, 0.00)",NA
9,"1,962,685 (0.2%)","1,057,565 (0.2%)","905,120 (0.2%)",NA,"1,293,082 (0.2%)","669,603 (0.3%)",NA,"539,286 (0.2%, 0.00)","1,423,399 (0.2%, 0.00)",NA
MCQ220,NA,NA,NA,0.001,NA,NA,<0.001,NA,NA,0.074
1,"140,277,926 (15%)","70,878,687 (16%)","69,399,239 (13%)",NA,"100,795,542 (13%)","39,482,384 (19%)",NA,"49,001,247 (16%, 0.01)","91,276,680 (14%, 0.01)",NA
2,"810,972,810 (85%)","361,882,029 (83%)","449,090,780 (87%)",NA,"647,668,840 (86%)","163,303,970 (80%)",NA,"262,511,332 (84%, 0.01)","548,461,478 (86%, 0.01)",NA
9,"1,264,297 (0.1%)","811,042 (0.2%)","453,254 (<0.1%)",NA,"845,245 (0.1%)","419,052 (0.2%)",NA,"198,506 (<0.1%, 0.00)","1,065,791 (0.2%, 0.00)",NA
OSQ010A,NA,NA,NA,0.2,NA,NA,0.079,NA,NA,0.019
1,"10,869,657 (1.6%)","5,739,843 (1.8%)","5,129,814 (1.4%)",NA,"7,947,615 (1.5%)","2,922,042 (1.9%)",NA,"3,285,629 (2.1%, 0.00)","7,584,028 (1.4%, 0.00)",NA
2,"686,258,970 (98%)","320,100,962 (98%)","366,158,008 (99%)",NA,"538,556,548 (98%)","147,702,423 (98%)",NA,"154,253,652 (98%, 0.00)","532,005,318 (99%, 0.00)",NA
9,"318,567 (<0.1%)","209,036 (<0.1%)","109,531 (<0.1%)",NA,"293,423 (<0.1%)","25,144 (<0.1%)",NA,"33,341 (<0.1%, 0.00)","285,226 (<0.1%, 0.00)",NA
OSQ010B,NA,NA,NA,0.7,NA,NA,0.6,NA,NA,0.12
1,"81,275,070 (12%)","37,496,309 (12%)","43,778,761 (12%)",NA,"64,780,965 (12%)","16,494,104 (11%)",NA,"18,828,794 (12%, 0.01)","62,446,276 (12%, 0.01)",NA
2,"615,927,068 (88%)","288,475,444 (88%)","327,451,624 (88%)",NA,"481,811,781 (88%)","134,115,287 (89%)",NA,"138,574,176 (88%, 0.01)","477,352,892 (88%, 0.01)",NA
7,"14,160 (<0.1%)","14,160 (<0.1%)",0 (0%),NA,"14,160 (<0.1%)",0 (0%),NA,"0 (0%, 0.00)","14,160 (<0.1%, 0.00)",NA
9,"230,896 (<0.1%)","63,929 (<0.1%)","166,968 (<0.1%)",NA,"190,679 (<0.1%)","40,217 (<0.1%)",NA,"169,652 (0.1%, 0.00)","61,244 (<0.1%, 0.00)",NA
OSQ010C,NA,NA,NA,0.5,NA,NA,0.2,NA,NA,0.085
1,"22,213,089 (3.2%)","10,715,973 (3.3%)","11,497,116 (3.1%)",NA,"17,317,251 (3.2%)","4,895,838 (3.2%)",NA,"5,421,330 (3.4%, 0.00)","16,791,759 (3.1%, 0.00)",NA
2,"672,851,848 (96%)","314,674,340 (97%)","358,177,508 (96%)",NA,"528,376,014 (97%)","144,475,834 (96%)",NA,"152,056,671 (96%, 0.00)","520,795,177 (96%, 0.00)",NA
7,"14,160 (<0.1%)","14,160 (<0.1%)",0 (0%),NA,"14,160 (<0.1%)",0 (0%),NA,"0 (0%, 0.00)","14,160 (<0.1%, 0.00)",NA
9,"2,368,098 (0.3%)","645,369 (0.2%)","1,722,729 (0.5%)",NA,"1,090,161 (0.2%)","1,277,936 (0.8%)",NA,"94,621 (<0.1%, 0.00)","2,273,477 (0.4%, 0.00)",NA
OSQ060,NA,NA,NA,<0.001,NA,NA,0.016,NA,NA,0.2
1,"69,168,400 (9.9%)","41,335,909 (13%)","27,832,491 (7.5%)",NA,"51,939,218 (9.5%)","17,229,182 (11%)",NA,"17,838,872 (11%, 0.01)","51,329,528 (9.5%, 0.01)",NA
2,"625,316,739 (90%)","283,748,688 (87%)","341,568,051 (92%)",NA,"493,493,167 (90%)","131,823,572 (88%)",NA,"139,210,441 (88%, 0.01)","486,106,297 (90%, 0.01)",NA
7,"14,160 (<0.1%)","14,160 (<0.1%)",0 (0%),NA,"14,160 (<0.1%)",0 (0%),NA,"0 (0%, 0.00)","14,160 (<0.1%, 0.00)",NA
9,"2,947,895 (0.4%)","951,084 (0.3%)","1,996,811 (0.5%)",NA,"1,351,041 (0.2%)","1,596,854 (1.1%)",NA,"523,309 (0.3%, 0.00)","2,424,586 (0.4%, 0.00)",NA
PFQ059,NA,NA,NA,0.2,NA,NA,0.059,NA,NA,0.2
1,"24,666,935 (4.2%)","11,757,871 (4.6%)","12,909,064 (3.9%)",NA,"18,769,229 (3.9%)","5,897,706 (5.8%)",NA,"6,402,815 (4.6%, 0.01)","18,264,121 (4.1%, 0.00)",NA
2,"558,307,233 (96%)","241,665,815 (95%)","316,641,419 (96%)",NA,"462,299,573 (96%)","96,007,660 (94%)",NA,"132,158,858 (95%, 0.01)","426,148,376 (96%, 0.00)",NA
9,"242,203 (<0.1%)","242,203 (<0.1%)",0 (0%),NA,"242,203 (<0.1%)",0 (0%),NA,"159,901 (0.1%, 0.00)","82,302 (<0.1%, 0.00)",NA
PFQ090,NA,NA,NA,0.003,NA,NA,<0.001,NA,NA,0.083
1,"97,537,595 (12%)","49,247,951 (13%)","48,289,644 (10%)",NA,"65,689,769 (9.8%)","31,847,826 (18%)",NA,"26,522,261 (13%, 0.01)","71,015,334 (11%, 0.01)",NA
2,"749,666,500 (88%)","335,578,591 (87%)","414,087,908 (90%)",NA,"602,359,215 (90%)","147,307,284 (82%)",NA,"179,894,842 (87%, 0.01)","569,771,657 (89%, 0.01)",NA
9,"16,957 (<0.1%)",0 (0%),"16,957 (<0.1%)",NA,0 (0%),"16,957 (<0.1%)",NA,"0 (0%, 0.00)","16,957 (<0.1%, 0.00)",NA
SMQ020,NA,NA,NA,0.048,NA,NA,0.037,NA,NA,0.051
1,"470,013,888 (49%)","217,232,709 (50%)","252,781,179 (49%)",NA,"364,189,870 (49%)","105,824,019 (52%)",NA,"149,427,680 (48%, 0.01)","320,586,209 (50%, 0.01)",NA
2,"483,405,109 (51%)","216,177,249 (50%)","267,227,860 (51%)",NA,"386,011,547 (51%)","97,393,562 (48%)",NA,"163,357,120 (52%, 0.01)","320,047,989 (50%, 0.01)",NA
7,"121,987 (<0.1%)","96,102 (<0.1%)","25,885 (<0.1%)",NA,"121,987 (<0.1%)",0 (0%),NA,"35,663 (<0.1%, 0.00)","86,324 (<0.1%, 0.00)",NA
9,"299,122 (<0.1%)","271,501 (<0.1%)","27,621 (<0.1%)",NA,"285,841 (<0.1%)","13,280 (<0.1%)",NA,"215,695 (<0.1%, 0.00)","83,427 (<0.1%, 0.00)",NA
WHD010,120.1(724.2),134.2(816.3),108.4(637.5),<0.001,126.1(763.6),97.8(553.6),0.055,"156.0(936.5, 12.1)","102.6(593.5, 5.2)",>0.9
WHD020,249(758),268(885),233(634),<0.001,257(818),220(476),<0.001,"294(972, 12)","228(627, 6)",<0.001
WHQ030,NA,NA,NA,<0.001,NA,NA,<0.001,NA,NA,0.13
1,"616,203,606 (64%)","269,220,486 (62%)","346,983,120 (66%)",NA,"468,354,451 (62%)","147,849,154 (73%)",NA,"199,574,145 (64%, 0.01)","416,629,460 (65%, 0.01)",NA
2,"34,320,326 (3.6%)","19,500,993 (4.5%)","14,819,333 (2.8%)",NA,"29,574,372 (3.9%)","4,745,953 (2.3%)",NA,"12,802,702 (4.1%, 0.00)","21,517,624 (3.3%, 0.00)",NA
3,"305,503,746 (32%)","145,306,541 (33%)","160,197,205 (31%)",NA,"255,084,658 (34%)","50,419,088 (25%)",NA,"100,105,655 (32%, 0.01)","205,398,091 (32%, 0.01)",NA
7,"221,074 (<0.1%)","221,074 (<0.1%)",0 (0%),NA,"221,074 (<0.1%)",0 (0%),NA,"52,400 (<0.1%, 0.00)","168,674 (<0.1%, 0.00)",NA
9,"917,764 (<0.1%)","454,201 (0.1%)","463,563 (<0.1%)",NA,"794,033 (0.1%)","123,731 (<0.1%)",NA,"501,254 (0.2%, 0.00)","416,510 (<0.1%, 0.00)",NA
WHD050,275(900),"298(1,027)",256(778),<0.001,284(960),241(628),<0.001,"312(1,063, 12)","257(808, 10)",<0.001
WHQ070,NA,NA,NA,<0.001,NA,NA,<0.001,NA,NA,0.002
1,"330,447,304 (40%)","139,264,176 (37%)","191,183,128 (43%)",NA,"257,069,193 (39%)","73,378,111 (45%)",NA,"114,827,626 (43%, 0.01)","215,619,678 (39%, 0.01)",NA
2,"491,092,110 (60%)","239,327,010 (63%)","251,765,101 (57%)",NA,"402,430,808 (61%)","88,661,303 (55%)",NA,"151,770,224 (57%, 0.01)","339,321,886 (61%, 0.01)",NA
9,"726,698 (<0.1%)","692,957 (0.2%)","33,740 (<0.1%)",NA,"692,957 (0.1%)","33,740 (<0.1%)",NA,"37,459 (<0.1%, 0.00)","689,238 (0.1%, 0.00)",NA
WHD110,"332(1,216)","375(1,383)","293(1,043)",<0.001,"335(1,241)","320(1,128)",<0.001,"377(1,361, 15)","310(1,140, 13)",<0.001
WHD120,"394(1,515)","458(1,707)","340(1,325)",<0.001,"396(1,521)","390(1,494)",0.13,"463(1,703, 25)","361(1,413, 17)",<0.001
WHD130,"223.3(1,235.1)","255.6(1,354.9)","189.3(1,093.7)",<0.001,"228.4(1,255.2)","208.7(1,176.0)",0.011,"254.3(1,349.1, 23.9)","207.9(1,174.1, 14.0)",0.7
WHD140,"320(1,037)","360(1,215)",286(860),<0.001,"324(1,068)",304(912),<0.001,"312(972, 13)","323(1,068, 12)",<0.001
DPQ010,NA,NA,NA,0.12,NA,NA,0.064,NA,NA,<0.001
0,"560,433,738 (77%)","247,761,743 (77%)","312,671,995 (77%)",NA,"436,390,587 (77%)","124,043,152 (75%)",NA,"220,580,506 (75%, 0.01)","339,853,232 (78%, 0.01)",NA
1,"114,163,230 (16%)","49,212,334 (15%)","64,950,896 (16%)",NA,"87,445,446 (15%)","26,717,784 (16%)",NA,"46,544,597 (16%, 0.00)","67,618,633 (15%, 0.01)",NA
2,"29,414,756 (4.0%)","14,122,850 (4.4%)","15,291,906 (3.8%)",NA,"21,735,525 (3.8%)","7,679,231 (4.6%)",NA,"14,108,593 (4.8%, 0.00)","15,306,164 (3.5%, 0.00)",NA
3,"25,859,414 (3.5%)","11,926,081 (3.7%)","13,933,333 (3.4%)",NA,"19,067,447 (3.4%)","6,791,967 (4.1%)",NA,"13,529,469 (4.6%, 0.00)","12,329,945 (2.8%, 0.00)",NA
7,"226,896 (<0.1%)","226,896 (<0.1%)",0 (0%),NA,"226,896 (<0.1%)",0 (0%),NA,"136,162 (<0.1%, 0.00)","90,734 (<0.1%, 0.00)",NA
9,"1,350,262 (0.2%)","597,045 (0.2%)","753,217 (0.2%)",NA,"1,202,013 (0.2%)","148,249 (<0.1%)",NA,"222,970 (<0.1%, 0.00)","1,127,292 (0.3%, 0.00)",NA
DPQ020,NA,NA,NA,0.046,NA,NA,0.5,NA,NA,0.3
0,"564,762,041 (77%)","247,377,033 (76%)","317,385,008 (78%)",NA,"438,649,251 (77%)","126,112,790 (76%)",NA,"226,275,820 (77%, 0.01)","338,486,221 (78%, 0.01)",NA
1,"118,956,474 (16%)","52,891,983 (16%)","66,064,490 (16%)",NA,"91,323,980 (16%)","27,632,493 (17%)",NA,"49,391,972 (17%, 0.01)","69,564,502 (16%, 0.01)",NA
2,"25,569,348 (3.5%)","12,312,725 (3.8%)","13,256,623 (3.3%)",NA,"19,342,309 (3.4%)","6,227,039 (3.8%)",NA,"9,718,671 (3.3%, 0.00)","15,850,676 (3.6%, 0.00)",NA
3,"21,571,048 (2.9%)","10,761,813 (3.3%)","10,809,236 (2.7%)",NA,"16,233,445 (2.9%)","5,337,603 (3.2%)",NA,"9,595,602 (3.3%, 0.00)","11,975,447 (2.7%, 0.00)",NA
7,"95,152 (<0.1%)","66,459 (<0.1%)","28,693 (<0.1%)",NA,"66,459 (<0.1%)","28,693 (<0.1%)",NA,"38,715 (<0.1%, 0.00)","56,437 (<0.1%, 0.00)",NA
9,"430,785 (<0.1%)","394,953 (0.1%)","35,832 (<0.1%)",NA,"410,487 (<0.1%)","20,298 (<0.1%)",NA,"51,197 (<0.1%, 0.00)","379,589 (<0.1%, 0.00)",NA
DPQ030,NA,NA,NA,0.056,NA,NA,0.1,NA,NA,0.002
0,"450,203,645 (62%)","201,321,349 (62%)","248,882,296 (61%)",NA,"351,191,982 (62%)","99,011,662 (60%)",NA,"178,658,693 (61%, 0.01)","271,544,952 (62%, 0.01)",NA
1,"165,096,061 (23%)","68,784,084 (21%)","96,311,977 (24%)",NA,"126,781,853 (22%)","38,314,208 (23%)",NA,"64,900,124 (22%, 0.01)","100,195,937 (23%, 0.01)",NA
2,"51,527,758 (7.0%)","24,578,669 (7.6%)","26,949,089 (6.6%)",NA,"40,253,846 (7.1%)","11,273,912 (6.8%)",NA,"21,916,974 (7.4%, 0.00)","29,610,784 (6.8%, 0.01)",NA
3,"63,814,528 (8.7%)","28,769,922 (8.9%)","35,044,606 (8.6%)",NA,"47,132,733 (8.3%)","16,681,795 (10%)",NA,"29,507,235 (10%, 0.00)","34,307,293 (7.9%, 0.00)",NA
7,"83,412 (<0.1%)","83,412 (<0.1%)",0 (0%),NA,"83,412 (<0.1%)",0 (0%),NA,"26,975 (<0.1%, 0.00)","56,437 (<0.1%, 0.00)",NA
9,"620,661 (<0.1%)","257,440 (<0.1%)","363,221 (<0.1%)",NA,"572,014 (0.1%)","48,647 (<0.1%)",NA,"33,283 (<0.1%, 0.00)","587,378 (0.1%, 0.00)",NA
DPQ040,NA,NA,NA,0.2,NA,NA,0.003,NA,NA,0.001
0,"365,902,481 (50%)","163,528,095 (51%)","202,374,386 (50%)",NA,"287,830,273 (51%)","78,072,209 (47%)",NA,"141,155,530 (48%, 0.01)","224,746,951 (52%, 0.01)",NA
1,"243,453,557 (33%)","104,838,626 (32%)","138,614,931 (34%)",NA,"188,192,591 (33%)","55,260,966 (33%)",NA,"98,482,538 (33%, 0.01)","144,971,019 (33%, 0.01)",NA
2,"57,518,989 (7.9%)","24,939,959 (7.7%)","32,579,030 (8.0%)",NA,"43,940,564 (7.8%)","13,578,425 (8.2%)",NA,"26,366,770 (8.9%, 0.01)","31,152,219 (7.1%, 0.00)",NA
3,"63,937,616 (8.7%)","30,149,458 (9.3%)","33,788,159 (8.3%)",NA,"45,689,618 (8.1%)","18,247,998 (11%)",NA,"28,928,810 (9.8%, 0.00)","35,008,806 (8.0%, 0.01)",NA
7,"121,808 (<0.1%)","56,437 (<0.1%)","65,371 (<0.1%)",NA,"64,960 (<0.1%)","56,848 (<0.1%)",NA,"65,371 (<0.1%, 0.00)","56,437 (<0.1%, 0.00)",NA
9,"389,472 (<0.1%)","260,160 (<0.1%)","129,312 (<0.1%)",NA,"275,694 (<0.1%)","113,778 (<0.1%)",NA,"22,124 (<0.1%, 0.00)","367,348 (<0.1%, 0.00)",NA
DPQ050,NA,NA,NA,0.5,NA,NA,0.2,NA,NA,0.002
0,"558,462,593 (76%)","247,623,268 (76%)","310,839,324 (76%)",NA,"433,669,594 (77%)","124,792,998 (75%)",NA,"218,197,706 (74%, 0.01)","340,264,887 (78%, 0.01)",NA
1,"107,208,288 (15%)","45,731,427 (14%)","61,476,860 (15%)",NA,"82,141,574 (15%)","25,066,714 (15%)",NA,"48,354,798 (16%, 0.00)","58,853,489 (13%, 0.01)",NA
2,"36,003,452 (4.9%)","16,618,685 (5.1%)","19,384,767 (4.8%)",NA,"28,343,586 (5.0%)","7,659,866 (4.6%)",NA,"15,846,014 (5.4%, 0.00)","20,157,438 (4.6%, 0.00)",NA
3,"29,251,991 (4.0%)","13,566,355 (4.2%)","15,685,636 (3.8%)",NA,"21,471,153 (3.8%)","7,780,838 (4.7%)",NA,"12,496,544 (4.2%, 0.00)","16,755,447 (3.8%, 0.00)",NA
7,"56,437 (<0.1%)","56,437 (<0.1%)",0 (0%),NA,"56,437 (<0.1%)",0 (0%),NA,"0 (0%, 0.00)","56,437 (<0.1%, 0.00)",NA
9,"341,163 (<0.1%)","176,563 (<0.1%)","164,600 (<0.1%)",NA,"311,356 (<0.1%)","29,807 (<0.1%)",NA,"126,081 (<0.1%, 0.00)","215,082 (<0.1%, 0.00)",NA
DPQ060,NA,NA,NA,0.14,NA,NA,0.5,NA,NA,0.13
0,"613,954,830 (84%)","271,509,514 (84%)","342,445,316 (84%)",NA,"475,828,729 (84%)","138,126,101 (84%)",NA,"248,645,331 (84%, 0.01)","365,309,499 (84%, 0.01)",NA
1,"81,152,776 (11%)","34,624,344 (11%)","46,528,432 (11%)",NA,"62,815,352 (11%)","18,337,425 (11%)",NA,"31,399,735 (11%, 0.00)","49,753,042 (11%, 0.01)",NA
2,"18,393,206 (2.5%)","8,784,033 (2.7%)","9,609,173 (2.4%)",NA,"14,317,855 (2.5%)","4,075,351 (2.5%)",NA,"7,062,309 (2.4%, 0.00)","11,330,897 (2.6%, 0.00)",NA
3,"16,944,283 (2.3%)","8,206,480 (2.5%)","8,737,803 (2.1%)",NA,"12,311,803 (2.2%)","4,632,480 (2.8%)",NA,"7,779,635 (2.6%, 0.00)","9,164,648 (2.1%, 0.00)",NA
7,"84,443 (<0.1%)","84,443 (<0.1%)",0 (0%),NA,"84,443 (<0.1%)",0 (0%),NA,"10,022 (<0.1%, 0.00)","74,421 (<0.1%, 0.00)",NA
9,"778,001 (0.1%)","557,756 (0.2%)","220,246 (<0.1%)",NA,"629,354 (0.1%)","148,647 (<0.1%)",NA,"107,728 (<0.1%, 0.00)","670,274 (0.2%, 0.00)",NA
DPQ070,NA,NA,NA,0.3,NA,NA,0.6,NA,NA,0.027
0,"615,241,415 (84%)","272,859,579 (84%)","342,381,836 (84%)",NA,"476,704,163 (84%)","138,537,252 (84%)",NA,"245,031,867 (83%, 0.01)","370,209,548 (85%, 0.01)",NA
1,"74,807,269 (10%)","32,198,320 (9.9%)","42,608,950 (10%)",NA,"57,863,644 (10%)","16,943,625 (10%)",NA,"30,172,298 (10%, 0.01)","44,634,971 (10%, 0.01)",NA
2,"20,214,029 (2.8%)","8,272,531 (2.6%)","11,941,499 (2.9%)",NA,"15,478,348 (2.7%)","4,735,682 (2.9%)",NA,"9,541,615 (3.2%, 0.00)","10,672,415 (2.4%, 0.00)",NA
3,"20,282,978 (2.8%)","10,000,902 (3.1%)","10,282,076 (2.5%)",NA,"15,235,341 (2.7%)","5,047,637 (3.1%)",NA,"10,046,653 (3.4%, 0.00)","10,236,325 (2.3%, 0.00)",NA
7,"66,600 (<0.1%)","66,600 (<0.1%)",0 (0%),NA,"66,600 (<0.1%)",0 (0%),NA,"10,163 (<0.1%, 0.00)","56,437 (<0.1%, 0.00)",NA
9,"665,782 (<0.1%)","368,640 (0.1%)","297,142 (<0.1%)",NA,"609,974 (0.1%)","55,808 (<0.1%)",NA,"202,164 (<0.1%, 0.00)","463,618 (0.1%, 0.00)",NA
DPQ080,NA,NA,NA,0.2,NA,NA,0.2,NA,NA,0.062
0,"660,786,650 (90%)","291,860,648 (90%)","368,926,003 (91%)",NA,"513,157,321 (91%)","147,629,329 (89%)",NA,"264,647,296 (90%, 0.01)","396,139,354 (91%, 0.01)",NA
1,"45,343,801 (6.2%)","20,077,358 (6.2%)","25,266,444 (6.2%)",NA,"34,168,654 (6.0%)","11,175,147 (6.8%)",NA,"18,726,962 (6.3%, 0.00)","26,616,839 (6.1%, 0.00)",NA
2,"13,718,320 (1.9%)","6,530,002 (2.0%)","7,188,317 (1.8%)",NA,"10,147,728 (1.8%)","3,570,592 (2.2%)",NA,"6,372,605 (2.2%, 0.00)","7,345,715 (1.7%, 0.00)",NA
3,"10,575,895 (1.4%)","4,621,309 (1.4%)","5,954,587 (1.5%)",NA,"7,714,173 (1.4%)","2,861,722 (1.7%)",NA,"5,152,174 (1.7%, 0.00)","5,423,721 (1.2%, 0.00)",NA
7,"76,144 (<0.1%)","76,144 (<0.1%)",0 (0%),NA,"76,144 (<0.1%)",0 (0%),NA,"19,708 (<0.1%, 0.00)","56,437 (<0.1%, 0.00)",NA
9,"767,235 (0.1%)","591,083 (0.2%)","176,152 (<0.1%)",NA,"684,022 (0.1%)","83,213 (<0.1%)",NA,"86,014 (<0.1%, 0.00)","681,221 (0.2%, 0.00)",NA
DPQ090,NA,NA,NA,0.042,NA,NA,0.2,NA,NA,0.9
0,"706,971,269 (97%)","312,024,600 (96%)","394,946,670 (97%)",NA,"547,490,802 (97%)","159,480,468 (96%)",NA,"285,329,057 (97%, 0.00)","421,642,213 (97%, 0.00)",NA
1,"17,371,472 (2.4%)","7,909,735 (2.4%)","9,461,737 (2.3%)",NA,"12,703,521 (2.2%)","4,667,951 (2.8%)",NA,"6,902,926 (2.3%, 0.00)","10,468,545 (2.4%, 0.00)",NA
2,"2,930,594 (0.4%)","1,246,337 (0.4%)","1,684,257 (0.4%)",NA,"2,378,186 (0.4%)","552,408 (0.3%)",NA,"1,260,905 (0.4%, 0.00)","1,669,689 (0.4%, 0.00)",NA
3,"3,399,777 (0.5%)","2,213,991 (0.7%)","1,185,786 (0.3%)",NA,"2,895,231 (0.5%)","504,546 (0.3%)",NA,"1,380,431 (0.5%, 0.00)","2,019,346 (0.5%, 0.00)",NA
7,"110,564 (<0.1%)","64,645 (<0.1%)","45,919 (<0.1%)",NA,"86,965 (<0.1%)","23,599 (<0.1%)",NA,"23,599 (<0.1%, 0.00)","86,965 (<0.1%, 0.00)",NA
9,"441,056 (<0.1%)","253,921 (<0.1%)","187,135 (<0.1%)",NA,"350,023 (<0.1%)","91,033 (<0.1%)",NA,"107,842 (<0.1%, 0.00)","333,214 (<0.1%, 0.00)",NA
PUQ100,NA,NA,NA,0.001,NA,NA,0.083,NA,NA,0.4
1,"76,801,280 (10%)","38,530,498 (12%)","38,270,782 (9.3%)",NA,"58,773,057 (10%)","18,028,223 (11%)",NA,"30,530,713 (10%, 0.01)","46,270,567 (11%, 0.01)",NA
2,"658,393,998 (89%)","287,323,887 (88%)","371,070,112 (90%)",NA,"509,533,091 (89%)","148,860,908 (89%)",NA,"267,364,457 (90%, 0.01)","391,029,542 (89%, 0.01)",NA
9,"2,673,338 (0.4%)","1,469,415 (0.4%)","1,203,923 (0.3%)",NA,"2,422,276 (0.4%)","251,062 (0.2%)",NA,"796,924 (0.3%, 0.00)","1,876,414 (0.4%, 0.00)",NA
PUQ110,NA,NA,NA,0.11,NA,NA,0.5,NA,NA,0.5
1,"68,905,003 (9.3%)","31,660,305 (9.7%)","37,244,698 (9.1%)",NA,"51,775,897 (9.1%)","17,129,105 (10%)",NA,"25,914,657 (8.7%, 0.01)","42,990,346 (9.8%, 0.01)",NA
2,"656,300,269 (89%)","288,689,635 (88%)","367,610,634 (90%)",NA,"509,273,082 (89%)","147,027,187 (88%)",NA,"267,905,340 (90%, 0.01)","388,394,929 (88%, 0.01)",NA
7,"8,588 (<0.1%)",0 (0%),"8,588 (<0.1%)",NA,"8,588 (<0.1%)",0 (0%),NA,"8,588 (<0.1%, 0.00)","0 (0%, 0.00)",NA
9,"12,616,868 (1.7%)","6,935,970 (2.1%)","5,680,898 (1.4%)",NA,"9,632,968 (1.7%)","2,983,900 (1.8%)",NA,"4,843,624 (1.6%, 0.00)","7,773,244 (1.8%, 0.00)",NA
SLQ050,NA,NA,NA,<0.001,NA,NA,<0.001,NA,NA,<0.001
1,"253,737,448 (33%)","106,865,331 (31%)","146,872,118 (34%)",NA,"180,368,206 (30%)","73,369,242 (42%)",NA,"112,692,010 (36%, 0.01)","141,045,439 (30%, 0.01)",NA
2,"525,859,694 (67%)","239,359,155 (69%)","286,500,539 (66%)",NA,"426,030,796 (70%)","99,828,898 (58%)",NA,"200,241,216 (64%, 0.01)","325,618,477 (70%, 0.01)",NA
7,"13,369 (<0.1%)",0 (0%),"13,369 (<0.1%)",NA,"13,369 (<0.1%)",0 (0%),NA,"13,369 (<0.1%, 0.00)","0 (0%, 0.00)",NA
9,"130,204 (<0.1%)","70,068 (<0.1%)","60,135 (<0.1%)",NA,"85,945 (<0.1%)","44,259 (<0.1%)",NA,"89,562 (<0.1%, 0.00)","40,642 (<0.1%, 0.00)",NA
SMAQUEX,NA,NA,NA,0.03,NA,NA,<0.001,NA,NA,<0.001
1,"3,066,389 (0.4%)","952,545 (0.3%)","2,113,844 (0.5%)",NA,"3,028,848 (0.5%)","37,541 (<0.1%)",NA,"0 (0%, 0.00)","3,066,389 (0.7%, 0.00)",NA
2,"776,674,326 (100%)","345,342,009 (100%)","431,332,317 (100%)",NA,"603,469,468 (100%)","173,204,858 (100%)",NA,"313,036,157 (100%, 0.00)","463,638,169 (99%, 0.00)",NA
INDFMMPC,NA,NA,NA,<0.001,NA,NA,0.052,NA,NA,0.2
1,"136,869,401 (24%)","64,189,354 (25%)","72,680,047 (22%)",NA,"107,767,671 (24%)","29,101,730 (22%)",NA,"68,390,533 (23%, 0.01)","68,478,869 (24%, 0.01)",NA
2,"71,393,000 (12%)","34,008,745 (13%)","37,384,255 (11%)",NA,"54,257,312 (12%)","17,135,688 (13%)",NA,"36,075,480 (12%, 0.00)","35,317,520 (13%, 0.01)",NA
3,"358,586,774 (62%)","148,440,619 (59%)","210,146,155 (64%)",NA,"272,264,222 (61%)","86,322,552 (64%)",NA,"187,096,727 (63%, 0.01)","171,490,047 (61%, 0.01)",NA
7,"4,179,343 (0.7%)","1,862,898 (0.7%)","2,316,445 (0.7%)",NA,"3,360,168 (0.8%)","819,175 (0.6%)",NA,"2,252,974 (0.8%, 0.00)","1,926,370 (0.7%, 0.00)",NA
9,"7,566,581 (1.3%)","3,847,164 (1.5%)","3,719,417 (1.1%)",NA,"6,174,771 (1.4%)","1,391,810 (1.0%)",NA,"4,886,851 (1.6%, 0.00)","2,679,730 (1.0%, 0.00)",NA